-- phpMyAdmin SQL Dump
-- version 5.2.1
-- https://www.phpmyadmin.net/
--
-- Host: 127.0.0.1:3306
-- Generation Time: Oct 16, 2025 at 05:29 AM
-- Server version: 9.1.0
-- PHP Version: 8.3.14

SET SQL_MODE = "NO_AUTO_VALUE_ON_ZERO";
START TRANSACTION;
SET time_zone = "+00:00";


/*!40101 SET @OLD_CHARACTER_SET_CLIENT=@@CHARACTER_SET_CLIENT */;
/*!40101 SET @OLD_CHARACTER_SET_RESULTS=@@CHARACTER_SET_RESULTS */;
/*!40101 SET @OLD_COLLATION_CONNECTION=@@COLLATION_CONNECTION */;
/*!40101 SET NAMES utf8mb4 */;

--
-- Database: `hms`
--

-- --------------------------------------------------------

--
-- Table structure for table `admission`
--

DROP TABLE IF EXISTS `admission`;
CREATE TABLE IF NOT EXISTS `admission` (
  `admission_id` bigint NOT NULL AUTO_INCREMENT,
  `admission_date` datetime(6) DEFAULT NULL,
  `bed_number` varchar(255) NOT NULL,
  `discharge_date` datetime(6) DEFAULT NULL,
  `status` enum('ACTIVE','DISCHARGED','TRANSFERRED') DEFAULT NULL,
  `patient_national_id` varchar(255) NOT NULL,
  `ward_id` bigint NOT NULL,
  PRIMARY KEY (`admission_id`),
  KEY `FKr12g9pk6454qdwhf0t8rnn7ny` (`patient_national_id`),
  KEY `FKdt8h42b75xg0tcp0vxhcqw0et` (`ward_id`)
) ENGINE=InnoDB AUTO_INCREMENT=121 DEFAULT CHARSET=utf8mb4 COLLATE=utf8mb4_0900_ai_ci;

--
-- Dumping data for table `admission`
--

INSERT INTO `admission` (`admission_id`, `admission_date`, `bed_number`, `discharge_date`, `status`, `patient_national_id`, `ward_id`) VALUES
(1, '2025-01-05 14:30:00.000000', 'W1-03', '2025-01-12 10:15:00.000000', 'DISCHARGED', '199012345678', 1),
(2, '2025-01-08 22:15:00.000000', 'ICU-05', '2025-01-15 16:45:00.000000', 'DISCHARGED', '198507891234', 3),
(3, '2025-01-12 09:45:00.000000', 'W2-07', '2025-01-18 14:30:00.000000', 'DISCHARGED', '199203456789', 2),
(4, '2025-01-18 16:20:00.000000', 'W1-11', '2025-01-25 09:20:00.000000', 'DISCHARGED', '197809123456', 1),
(5, '2025-01-22 11:30:00.000000', 'D-03', '2025-01-29 13:45:00.000000', 'DISCHARGED', '200156789012', 4),
(6, '2025-01-25 03:15:00.000000', 'ICU-02', '2025-02-08 11:30:00.000000', 'DISCHARGED', '198712345678', 3),
(7, '2025-01-28 08:45:00.000000', 'W2-14', '2025-02-05 15:20:00.000000', 'DISCHARGED', '199434567890', 2),
(8, '2025-01-30 19:30:00.000000', 'W1-18', '2025-02-06 12:15:00.000000', 'DISCHARGED', '198001234567', 1),
(9, '2025-02-03 13:20:00.000000', 'W2-09', '2025-02-10 16:30:00.000000', 'DISCHARGED', '199567890123', 2),
(10, '2025-02-08 07:45:00.000000', 'D-07', '2025-02-15 10:45:00.000000', 'DISCHARGED', '197712345678', 4),
(11, '2025-02-14 21:15:00.000000', 'ICU-12', '2025-02-28 14:20:00.000000', 'DISCHARGED', '199890123456', 3),
(12, '2025-02-18 15:30:00.000000', 'W1-05', '2025-02-25 11:45:00.000000', 'TRANSFERRED', '198334567890', 1),
(13, '2025-02-22 10:15:00.000000', 'W2-16', '2025-03-01 09:30:00.000000', 'DISCHARGED', '200001234567', 2),
(14, '2025-02-26 18:45:00.000000', 'W1-12', '2025-03-05 13:15:00.000000', 'DISCHARGED', '199145678901', 1),
(15, '2025-03-02 12:30:00.000000', 'D-11', '2025-03-09 15:45:00.000000', 'DISCHARGED', '198656789012', 4),
(16, '2025-03-05 09:15:00.000000', 'W2-04', '2025-03-12 10:30:00.000000', 'DISCHARGED', '199723456789', 2),
(17, '2025-03-08 23:45:00.000000', 'ICU-08', '2025-03-20 16:15:00.000000', 'DISCHARGED', '198878901234', 3),
(18, '2025-03-12 14:20:00.000000', 'W1-09', '2025-03-19 12:45:00.000000', 'DISCHARGED', '199512345678', 1),
(19, '2025-03-15 08:30:00.000000', 'W2-19', '2025-03-22 14:00:00.000000', 'DISCHARGED', '198190123456', 2),
(20, '2025-03-18 17:15:00.000000', 'D-15', '2025-03-25 11:20:00.000000', 'DISCHARGED', '199678901234', 4),
(21, '2025-03-20 11:45:00.000000', 'W1-16', '2025-03-27 09:15:00.000000', 'DISCHARGED', '198445678901', 1),
(22, '2025-03-23 06:30:00.000000', 'ICU-15', '2025-04-05 13:30:00.000000', 'DISCHARGED', '199356789012', 3),
(23, '2025-03-25 13:15:00.000000', 'W2-08', '2025-04-01 16:45:00.000000', 'DISCHARGED', '199823456789', 2),
(24, '2025-03-27 20:00:00.000000', 'W1-02', '2025-04-03 10:15:00.000000', 'DISCHARGED', '198712345679', 1),
(25, '2025-03-29 15:45:00.000000', 'D-05', '2025-04-05 12:30:00.000000', 'DISCHARGED', '199012345678', 4),
(26, '2025-03-31 10:30:00.000000', 'W2-12', '2025-04-07 14:45:00.000000', 'DISCHARGED', '198507891234', 2),
(27, '2025-04-04 16:15:00.000000', 'W1-07', '2025-04-11 09:45:00.000000', 'DISCHARGED', '199203456789', 1),
(28, '2025-04-08 12:45:00.000000', 'ICU-03', '2025-04-22 15:20:00.000000', 'DISCHARGED', '197809123456', 3),
(29, '2025-04-12 09:00:00.000000', 'D-18', '2025-04-19 11:30:00.000000', 'DISCHARGED', '200156789012', 4),
(30, '2025-04-16 18:30:00.000000', 'W2-06', '2025-04-23 13:15:00.000000', 'DISCHARGED', '198712345678', 2),
(31, '2025-04-20 14:15:00.000000', 'W1-13', '2025-04-27 16:00:00.000000', 'DISCHARGED', '199434567890', 1),
(32, '2025-04-24 07:45:00.000000', 'W2-20', '2025-05-01 10:30:00.000000', 'DISCHARGED', '198001234567', 2),
(33, '2025-04-28 22:15:00.000000', 'ICU-09', '2025-05-12 14:45:00.000000', 'DISCHARGED', '199567890123', 3),
(34, '2025-05-03 11:30:00.000000', 'D-08', '2025-05-10 13:20:00.000000', 'DISCHARGED', '197712345678', 4),
(35, '2025-05-06 15:45:00.000000', 'W1-19', '2025-05-13 09:15:00.000000', 'DISCHARGED', '199890123456', 1),
(36, '2025-05-10 08:15:00.000000', 'W2-03', '2025-05-17 12:30:00.000000', 'DISCHARGED', '198334567890', 2),
(37, '2025-05-14 19:30:00.000000', 'ICU-17', '2025-05-28 16:45:00.000000', 'DISCHARGED', '200001234567', 3),
(38, '2025-05-18 13:00:00.000000', 'W1-08', '2025-05-25 10:15:00.000000', 'DISCHARGED', '199145678901', 1),
(39, '2025-05-22 09:45:00.000000', 'D-12', '2025-05-29 14:30:00.000000', 'TRANSFERRED', '198656789012', 4),
(40, '2025-05-25 16:20:00.000000', 'W2-17', '2025-06-01 11:45:00.000000', 'DISCHARGED', '199723456789', 2),
(41, '2025-05-28 04:30:00.000000', 'ICU-06', '2025-06-10 13:15:00.000000', 'DISCHARGED', '198878901234', 3),
(42, '2025-05-30 12:15:00.000000', 'W1-14', '2025-06-06 09:30:00.000000', 'DISCHARGED', '199512345678', 1),
(43, '2025-05-31 20:45:00.000000', 'W2-11', '2025-06-07 15:00:00.000000', 'DISCHARGED', '198190123456', 2),
(44, '2025-06-02 14:30:00.000000', 'D-16', '2025-06-09 12:15:00.000000', 'DISCHARGED', '199678901234', 4),
(45, '2025-06-05 10:15:00.000000', 'W1-01', '2025-06-12 14:45:00.000000', 'DISCHARGED', '198445678901', 1),
(46, '2025-06-09 17:45:00.000000', 'ICU-11', '2025-06-23 16:30:00.000000', 'DISCHARGED', '199356789012', 3),
(47, '2025-06-13 08:30:00.000000', 'W2-05', '2025-06-20 10:15:00.000000', 'DISCHARGED', '199823456789', 2),
(48, '2025-06-17 13:15:00.000000', 'W1-17', '2025-06-24 11:30:00.000000', 'DISCHARGED', '198712345679', 1),
(49, '2025-06-21 21:00:00.000000', 'D-04', '2025-06-28 13:45:00.000000', 'DISCHARGED', '199012345678', 4),
(50, '2025-06-24 11:45:00.000000', 'W2-15', '2025-07-01 09:20:00.000000', 'DISCHARGED', '198507891234', 2),
(51, '2025-06-28 16:30:00.000000', 'ICU-14', '2025-07-12 15:15:00.000000', 'DISCHARGED', '199203456789', 3),
(52, '2025-07-02 09:15:00.000000', 'W1-06', '2025-07-09 12:30:00.000000', 'DISCHARGED', '197809123456', 1),
(53, '2025-07-04 15:30:00.000000', 'D-19', '2025-07-11 14:45:00.000000', 'TRANSFERRED', '200156789012', 4),
(54, '2025-07-07 22:45:00.000000', 'ICU-01', '2025-07-21 16:20:00.000000', 'DISCHARGED', '198712345678', 3),
(55, '2025-07-10 07:30:00.000000', 'W2-02', '2025-07-17 10:15:00.000000', 'DISCHARGED', '199434567890', 2),
(56, '2025-07-12 13:45:00.000000', 'W1-15', '2025-07-19 13:30:00.000000', 'DISCHARGED', '198001234567', 1),
(57, '2025-07-15 11:00:00.000000', 'D-09', '2025-07-22 15:45:00.000000', 'TRANSFERRED', '199567890123', 4),
(58, '2025-07-18 18:15:00.000000', 'W2-18', '2025-07-25 09:15:00.000000', 'DISCHARGED', '197712345678', 2),
(59, '2025-07-20 08:45:00.000000', 'ICU-13', '2025-08-03 12:30:00.000000', 'DISCHARGED', '199890123456', 3),
(60, '2025-07-23 14:30:00.000000', 'W1-10', '2025-07-30 14:15:00.000000', 'DISCHARGED', '198334567890', 1),
(61, '2025-07-25 12:15:00.000000', 'D-14', '2025-08-01 11:45:00.000000', 'DISCHARGED', '200001234567', 4),
(62, '2025-07-27 19:45:00.000000', 'W2-13', '2025-08-05 16:30:00.000000', 'DISCHARGED', '199145678901', 2),
(63, '2025-07-29 05:30:00.000000', 'ICU-18', '2025-08-15 13:20:00.000000', 'DISCHARGED', '198656789012', 3),
(64, '2025-07-30 16:00:00.000000', 'W1-04', '2025-08-06 10:45:00.000000', 'DISCHARGED', '199723456789', 1),
(65, '2025-07-31 10:30:00.000000', 'W2-01', '2025-08-07 15:15:00.000000', 'DISCHARGED', '198878901234', 2),
(66, '2025-07-28 21:15:00.000000', 'D-20', '2025-08-04 12:00:00.000000', 'TRANSFERRED', '199512345678', 4),
(67, '2025-08-03 13:30:00.000000', 'W1-20', '2025-08-10 16:45:00.000000', 'DISCHARGED', '198190123456', 1),
(68, '2025-08-07 09:45:00.000000', 'ICU-07', '2025-08-21 14:30:00.000000', 'DISCHARGED', '199678901234', 3),
(69, '2025-08-11 17:15:00.000000', 'D-06', '2025-08-18 11:15:00.000000', 'TRANSFERRED', '198445678901', 4),
(70, '2025-08-15 12:00:00.000000', 'W2-10', '2025-08-22 13:45:00.000000', 'DISCHARGED', '199356789012', 2),
(71, '2025-08-19 08:15:00.000000', 'W1-12', '2025-08-26 09:30:00.000000', 'DISCHARGED', '199823456789', 1),
(72, '2025-08-23 20:30:00.000000', 'ICU-04', '2025-09-06 15:20:00.000000', 'TRANSFERRED', '198712345679', 3),
(73, '2025-08-26 14:45:00.000000', 'W2-07', '2025-09-02 12:15:00.000000', 'DISCHARGED', '199012345678', 2),
(74, '2025-08-29 11:30:00.000000', 'D-13', '2025-09-05 14:00:00.000000', 'DISCHARGED', '198507891234', 4),
(75, '2025-08-31 16:15:00.000000', 'W1-03', '2025-09-07 10:30:00.000000', 'DISCHARGED', '199203456789', 1),
(76, '2025-09-04 10:45:00.000000', 'ICU-16', '2025-09-18 13:15:00.000000', 'DISCHARGED', '197809123456', 3),
(77, '2025-09-08 15:20:00.000000', 'W2-04', '2025-09-15 11:45:00.000000', 'DISCHARGED', '200156789012', 2),
(78, '2025-09-12 07:30:00.000000', 'D-17', '2025-09-19 16:30:00.000000', 'DISCHARGED', '198712345678', 4),
(79, '2025-09-16 18:45:00.000000', 'W1-08', '2025-09-23 09:20:00.000000', 'DISCHARGED', '199434567890', 1),
(80, '2025-09-20 13:15:00.000000', 'W2-16', '2025-09-27 14:45:00.000000', 'DISCHARGED', '198001234567', 2),
(81, '2025-09-22 09:00:00.000000', 'ICU-10', '2025-10-05 12:30:00.000000', 'TRANSFERRED', '199567890123', 3),
(82, '2025-09-25 16:30:00.000000', 'D-02', '2025-10-02 15:15:00.000000', 'DISCHARGED', '197712345678', 4),
(83, '2025-09-27 12:45:00.000000', 'W1-16', '2025-10-04 10:00:00.000000', 'DISCHARGED', '199890123456', 1),
(84, '2025-09-29 20:15:00.000000', 'W2-12', '2025-10-06 13:30:00.000000', 'DISCHARGED', '198334567890', 2),
(85, '2025-09-30 14:00:00.000000', 'ICU-19', '2025-10-14 16:45:00.000000', 'DISCHARGED', '200001234567', 3),
(86, '2025-09-28 08:30:00.000000', 'D-10', '2025-10-05 11:15:00.000000', 'DISCHARGED', '199145678901', 4),
(87, '2025-10-02 11:15:00.000000', 'W1-07', '2025-10-09 14:30:00.000000', 'TRANSFERRED', '198656789012', 1),
(88, '2025-10-05 17:30:00.000000', 'ICU-02', '2025-10-19 12:15:00.000000', 'DISCHARGED', '199723456789', 3),
(89, '2025-10-08 09:45:00.000000', 'W2-09', '2025-10-15 16:00:00.000000', 'DISCHARGED', '198878901234', 2),
(90, '2025-10-12 14:20:00.000000', 'D-07', '2025-10-19 10:45:00.000000', 'DISCHARGED', '199512345678', 4),
(91, '2025-10-15 06:15:00.000000', 'W1-13', '2025-10-22 13:30:00.000000', 'DISCHARGED', '198190123456', 1),
(92, '2025-10-18 19:45:00.000000', 'ICU-12', '2025-10-24 15:20:00.000000', 'DISCHARGED', '199678901234', 3),
(93, '2025-10-20 12:30:00.000000', 'W2-19', '2025-10-05 21:35:31.591526', 'TRANSFERRED', '198445678901', 2),
(94, '2025-10-22 08:45:00.000000', 'D-15', '2025-10-05 22:11:30.187184', 'TRANSFERRED', '199356789012', 4),
(95, '2025-10-24 16:00:00.000000', 'W1-05', NULL, 'TRANSFERRED', '199823456789', 1),
(96, '2025-10-25 10:15:00.000000', 'ICU-08', '2025-10-06 20:48:32.277564', 'TRANSFERRED', '198712345679', 3),
(97, '2025-10-26 13:45:00.000000', 'W2-03', '2025-10-06 21:34:49.446085', 'TRANSFERRED', '199012345678', 2),
(98, '2025-10-27 21:30:00.000000', 'D-11', '2025-10-06 19:24:04.543177', 'TRANSFERRED', '198507891234', 4),
(99, '2025-10-28 07:20:00.000000', 'W1-18', '2025-09-25 19:00:01.694125', 'DISCHARGED', '199203456789', 1),
(100, '2025-10-29 14:15:00.000000', 'ICU-05', '2025-10-15 12:14:39.405855', 'TRANSFERRED', '197809123456', 3),
(101, '2025-10-30 11:00:00.000000', 'W2-14', NULL, 'ACTIVE', '200156789012', 2),
(102, '2025-10-31 18:30:00.000000', 'D-04', '2025-10-06 21:50:00.998120', 'DISCHARGED', '198712345678', 4),
(103, '2025-10-23 15:45:00.000000', 'W1-11', '2025-10-14 20:53:52.451394', 'DISCHARGED', '199434567890', 1),
(104, '2025-10-21 09:30:00.000000', 'ICU-15', NULL, 'ACTIVE', '198001234567', 3),
(105, '2025-09-25 18:58:42.320630', '001', '2025-10-15 09:05:51.908281', 'TRANSFERRED', '200227804670', 1),
(106, '2025-09-28 22:39:24.663646', '101', '2025-10-15 12:13:24.556368', 'TRANSFERRED', '197712345678', 1),
(107, '2025-10-05 21:35:31.617467', '011', '2025-10-14 20:50:37.184928', 'DISCHARGED', '198445678901', 3),
(108, '2025-10-05 22:11:30.207407', '001', '2025-10-06 21:50:03.487320', 'DISCHARGED', '199356789012', 4),
(109, '2025-10-06 19:24:04.565232', '001233', '2025-10-06 21:50:06.060476', 'DISCHARGED', '198507891234', 4),
(110, '2025-10-06 20:48:32.278787', '0011', '2025-10-06 21:50:08.400901', 'DISCHARGED', '198712345679', 4),
(111, '2025-10-06 21:34:49.462176', 'BD001', '2025-10-06 21:50:10.347848', 'DISCHARGED', '199012345678', 4),
(112, '2025-10-08 14:15:07.090607', '302', NULL, 'ACTIVE', '198507891234', 3),
(113, '2025-10-14 22:37:39.569739', '202', NULL, 'ACTIVE', '198656789012', 2),
(114, '2025-10-15 09:05:51.930690', '001', NULL, 'ACTIVE', '200227804670', 4),
(115, '2025-10-15 12:13:24.565933', '001', NULL, 'ACTIVE', '197712345678', 2),
(116, '2025-10-15 12:14:39.406842', '002', '2025-10-15 12:14:55.836105', 'TRANSFERRED', '197809123456', 2),
(117, '2025-10-15 12:14:55.837103', '002', '2025-10-15 12:15:09.032173', 'TRANSFERRED', '197809123456', 3),
(118, '2025-10-15 12:15:09.032173', '004', '2025-10-15 12:15:25.837492', 'TRANSFERRED', '197809123456', 1),
(119, '2025-10-15 12:15:25.838455', '001', NULL, 'ACTIVE', '197809123456', 3),
(120, '2025-10-16 10:03:09.179367', '102', NULL, 'ACTIVE', '198334567890', 1);

-- --------------------------------------------------------

--
-- Table structure for table `appointments`
--

DROP TABLE IF EXISTS `appointments`;
CREATE TABLE IF NOT EXISTS `appointments` (
  `appointment_id` bigint NOT NULL AUTO_INCREMENT,
  `appointment_date` date NOT NULL,
  `appointment_time` time(6) NOT NULL,
  `appointment_type` enum('CONSULTATION','EMERGENCY','FOLLOW_UP','GRAFT_RENAL_BIOPSY','NATIVE_RENAL_BIOPSY','RADIOLOGY','ULTRASOUND','WOUND_DRESSING') DEFAULT NULL,
  `created_at` datetime(6) DEFAULT NULL,
  `status` enum('CANCELLED','COMPLETED','CONFIRMED','IN_PROGRESS','NO_SHOW','SCHEDULED') DEFAULT NULL,
  `doctor_employee_id` bigint NOT NULL,
  `patient_national_id` varchar(255) NOT NULL,
  PRIMARY KEY (`appointment_id`),
  KEY `FKaxj8qgxok9gdbgwq631qcyvy8` (`doctor_employee_id`),
  KEY `FKexg70s78ut1j5g3wg3m6bqyfc` (`patient_national_id`)
) ENGINE=InnoDB AUTO_INCREMENT=160 DEFAULT CHARSET=utf8mb4 COLLATE=utf8mb4_0900_ai_ci;

--
-- Dumping data for table `appointments`
--

INSERT INTO `appointments` (`appointment_id`, `appointment_date`, `appointment_time`, `appointment_type`, `created_at`, `status`, `doctor_employee_id`, `patient_national_id`) VALUES
(1, '2025-01-03', '09:00:00.000000', 'CONSULTATION', '2025-01-01 14:20:00.000000', 'COMPLETED', 1001, '199012345678'),
(2, '2025-01-05', '10:30:00.000000', 'FOLLOW_UP', '2025-01-03 10:30:00.000000', 'COMPLETED', 1002, '198507891234'),
(3, '2025-01-08', '14:15:00.000000', 'EMERGENCY', '2025-01-08 13:45:00.000000', 'COMPLETED', 1003, '199203456789'),
(4, '2025-01-10', '11:00:00.000000', 'ULTRASOUND', '2025-01-08 16:45:00.000000', 'COMPLETED', 1006, '199012345678'),
(5, '2025-01-12', '08:45:00.000000', 'CONSULTATION', '2025-01-10 09:15:00.000000', 'COMPLETED', 1004, '197809123456'),
(6, '2025-01-15', '15:30:00.000000', 'RADIOLOGY', '2025-01-13 11:20:00.000000', 'COMPLETED', 1006, '200156789012'),
(7, '2025-01-17', '09:15:00.000000', 'CONSULTATION', '2025-01-15 13:45:00.000000', 'COMPLETED', 1005, '198712345678'),
(10, '2025-01-24', '16:00:00.000000', 'CONSULTATION', '2025-01-22 12:30:00.000000', 'COMPLETED', 1002, '199567890123'),
(11, '2025-01-26', '08:30:00.000000', 'ULTRASOUND', '2025-01-24 15:20:00.000000', 'COMPLETED', 1006, '197712345678'),
(12, '2025-01-28', '14:30:00.000000', 'WOUND_DRESSING', '2025-01-26 11:15:00.000000', 'COMPLETED', 1007, '199890123456'),
(13, '2025-01-29', '11:45:00.000000', 'CONSULTATION', '2025-01-27 09:45:00.000000', 'COMPLETED', 1001, '198334567890'),
(14, '2025-01-30', '09:30:00.000000', 'FOLLOW_UP', '2025-01-28 14:30:00.000000', 'COMPLETED', 1004, '200001234567'),
(15, '2025-01-31', '13:00:00.000000', 'RADIOLOGY', '2025-01-29 10:20:00.000000', 'COMPLETED', 1006, '199145678901'),
(16, '2025-01-31', '15:15:00.000000', 'CONSULTATION', '2025-01-29 16:45:00.000000', 'COMPLETED', 1008, '198656789012'),
(17, '2025-01-25', '12:30:00.000000', 'NATIVE_RENAL_BIOPSY', '2025-01-23 08:15:00.000000', 'COMPLETED', 1001, '197809123456'),
(18, '2025-01-18', '16:45:00.000000', 'EMERGENCY', '2025-01-18 16:30:00.000000', 'COMPLETED', 1003, '199723456789'),
(19, '2025-02-05', '10:45:00.000000', 'CONSULTATION', '2025-02-03 09:15:00.000000', 'COMPLETED', 1004, '198878901234'),
(20, '2025-02-12', '14:00:00.000000', 'FOLLOW_UP', '2025-02-10 13:45:00.000000', 'COMPLETED', 1001, '197809123456'),
(21, '2025-02-14', '09:00:00.000000', 'ULTRASOUND', '2025-02-12 11:20:00.000000', 'COMPLETED', 1006, '199512345678'),
(22, '2025-02-18', '11:30:00.000000', 'CONSULTATION', '2025-02-16 15:30:00.000000', 'COMPLETED', 1002, '198190123456'),
(23, '2025-02-22', '15:45:00.000000', 'RADIOLOGY', '2025-02-20 12:15:00.000000', 'COMPLETED', 1006, '199678901234'),
(25, '2025-02-27', '13:30:00.000000', 'CONSULTATION', '2025-02-25 16:20:00.000000', 'COMPLETED', 1005, '199356789012'),
(26, '2025-02-28', '16:15:00.000000', 'GRAFT_RENAL_BIOPSY', '2025-02-26 10:30:00.000000', 'COMPLETED', 1004, '199823456789'),
(28, '2025-03-05', '11:15:00.000000', 'FOLLOW_UP', '2025-03-03 08:45:00.000000', 'COMPLETED', 1001, '199823456789'),
(29, '2025-03-08', '14:45:00.000000', 'ULTRASOUND', '2025-03-06 12:30:00.000000', 'COMPLETED', 1006, '199012345678'),
(30, '2025-03-10', '08:00:00.000000', 'EMERGENCY', '2025-03-10 07:30:00.000000', 'COMPLETED', 1003, '198507891234'),
(31, '2025-03-12', '10:30:00.000000', 'CONSULTATION', '2025-03-10 15:45:00.000000', 'COMPLETED', 1002, '199203456789'),
(32, '2025-03-15', '13:15:00.000000', 'RADIOLOGY', '2025-03-13 09:20:00.000000', 'COMPLETED', 1006, '197809123456'),
(33, '2025-03-18', '15:00:00.000000', 'WOUND_DRESSING', '2025-03-16 11:30:00.000000', 'COMPLETED', 1007, '200156789012'),
(34, '2025-03-20', '09:30:00.000000', 'CONSULTATION', '2025-03-18 13:45:00.000000', 'COMPLETED', 1004, '198712345678'),
(35, '2025-03-22', '12:00:00.000000', 'FOLLOW_UP', '2025-03-20 16:15:00.000000', 'COMPLETED', 1008, '199434567890'),
(36, '2025-03-25', '14:30:00.000000', 'ULTRASOUND', '2025-03-23 10:45:00.000000', 'COMPLETED', 1006, '198001234567'),
(37, '2025-03-27', '11:45:00.000000', 'CONSULTATION', '2025-03-25 14:20:00.000000', 'COMPLETED', 1001, '199567890123'),
(39, '2025-03-29', '08:45:00.000000', 'RADIOLOGY', '2025-03-27 12:15:00.000000', 'COMPLETED', 1006, '199890123456'),
(40, '2025-03-30', '10:00:00.000000', 'CONSULTATION', '2025-03-28 08:30:00.000000', 'COMPLETED', 1005, '198334567890'),
(41, '2025-03-31', '13:45:00.000000', 'NATIVE_RENAL_BIOPSY', '2025-03-29 15:00:00.000000', 'COMPLETED', 1001, '200001234567'),
(42, '2025-04-08', '09:00:00.000000', 'CONSULTATION', '2025-04-06 13:30:00.000000', 'COMPLETED', 1002, '199145678901'),
(43, '2025-04-15', '11:30:00.000000', 'FOLLOW_UP', '2025-04-13 10:15:00.000000', 'COMPLETED', 1004, '198656789012'),
(44, '2025-04-22', '14:15:00.000000', 'ULTRASOUND', '2025-04-20 16:45:00.000000', 'COMPLETED', 1006, '199723456789'),
(46, '2025-04-29', '15:30:00.000000', 'RADIOLOGY', '2025-04-27 12:45:00.000000', 'COMPLETED', 1006, '199512345678'),
(47, '2025-05-02', '08:30:00.000000', 'EMERGENCY', '2025-05-02 08:00:00.000000', 'COMPLETED', 1003, '198190123456'),
(48, '2025-05-06', '10:15:00.000000', 'CONSULTATION', '2025-05-04 14:30:00.000000', 'COMPLETED', 1001, '199678901234'),
(49, '2025-05-09', '13:00:00.000000', 'FOLLOW_UP', '2025-05-07 11:45:00.000000', 'COMPLETED', 1008, '198445678901'),
(50, '2025-05-12', '15:45:00.000000', 'ULTRASOUND', '2025-05-10 16:20:00.000000', 'COMPLETED', 1006, '199356789012'),
(51, '2025-05-15', '09:15:00.000000', 'CONSULTATION', '2025-05-13 08:15:00.000000', 'COMPLETED', 1005, '199823456789'),
(52, '2025-05-18', '11:00:00.000000', 'WOUND_DRESSING', '2025-05-16 13:30:00.000000', 'COMPLETED', 1007, '198712345679'),
(53, '2025-05-21', '14:30:00.000000', 'RADIOLOGY', '2025-05-19 10:45:00.000000', 'COMPLETED', 1006, '199012345678'),
(55, '2025-05-26', '12:45:00.000000', 'CONSULTATION', '2025-05-24 15:15:00.000000', 'COMPLETED', 1002, '199203456789'),
(56, '2025-05-28', '16:00:00.000000', 'GRAFT_RENAL_BIOPSY', '2025-05-26 09:30:00.000000', 'COMPLETED', 1004, '197809123456'),
(57, '2025-05-30', '10:30:00.000000', 'FOLLOW_UP', '2025-05-28 12:00:00.000000', 'COMPLETED', 1001, '197809123456'),
(58, '2025-05-31', '13:15:00.000000', 'ULTRASOUND', '2025-05-29 14:45:00.000000', 'COMPLETED', 1006, '200156789012'),
(60, '2025-06-08', '14:00:00.000000', 'FOLLOW_UP', '2025-06-06 16:15:00.000000', 'COMPLETED', 1004, '199434567890'),
(61, '2025-06-12', '11:45:00.000000', 'RADIOLOGY', '2025-06-10 08:30:00.000000', 'COMPLETED', 1006, '198001234567'),
(62, '2025-06-17', '15:30:00.000000', 'CONSULTATION', '2025-06-15 13:45:00.000000', 'COMPLETED', 1001, '199567890123'),
(63, '2025-06-20', '08:15:00.000000', 'EMERGENCY', '2025-06-20 07:45:00.000000', 'COMPLETED', 1003, '197712345678'),
(64, '2025-06-25', '12:30:00.000000', 'ULTRASOUND', '2025-06-23 10:15:00.000000', 'COMPLETED', 1006, '199890123456'),
(65, '2025-06-28', '16:45:00.000000', 'WOUND_DRESSING', '2025-06-26 14:20:00.000000', 'COMPLETED', 1007, '198334567890'),
(66, '2025-07-01', '09:00:00.000000', 'CONSULTATION', '2025-06-29 15:30:00.000000', 'COMPLETED', 1002, '200001234567'),
(67, '2025-07-03', '10:45:00.000000', 'FOLLOW_UP', '2025-07-01 12:15:00.000000', 'COMPLETED', 1008, '199145678901'),
(68, '2025-07-05', '13:30:00.000000', 'RADIOLOGY', '2025-07-03 09:45:00.000000', 'COMPLETED', 1006, '198656789012'),
(69, '2025-07-08', '15:15:00.000000', 'CONSULTATION', '2025-07-06 11:30:00.000000', 'COMPLETED', 1001, '199723456789'),
(70, '2025-07-10', '08:45:00.000000', 'ULTRASOUND', '2025-07-08 14:00:00.000000', 'COMPLETED', 1006, '198878901234'),
(72, '2025-07-15', '14:45:00.000000', 'CONSULTATION', '2025-07-13 16:20:00.000000', 'COMPLETED', 1005, '198190123456'),
(73, '2025-07-17', '09:15:00.000000', 'WOUND_DRESSING', '2025-07-15 08:15:00.000000', 'COMPLETED', 1007, '199678901234'),
(74, '2025-07-19', '12:00:00.000000', 'FOLLOW_UP', '2025-07-17 13:45:00.000000', 'COMPLETED', 1004, '198445678901'),
(75, '2025-07-22', '16:30:00.000000', 'RADIOLOGY', '2025-07-20 10:30:00.000000', 'COMPLETED', 1006, '199356789012'),
(77, '2025-07-26', '10:15:00.000000', 'ULTRASOUND', '2025-07-24 12:45:00.000000', 'COMPLETED', 1006, '198712345679'),
(78, '2025-07-28', '13:00:00.000000', 'NATIVE_RENAL_BIOPSY', '2025-07-26 09:30:00.000000', 'COMPLETED', 1001, '199012345678'),
(79, '2025-07-29', '15:45:00.000000', 'EMERGENCY', '2025-07-29 15:15:00.000000', 'COMPLETED', 1003, '198507891234'),
(80, '2025-07-30', '11:00:00.000000', 'CONSULTATION', '2025-07-28 14:15:00.000000', 'COMPLETED', 1002, '199203456789'),
(81, '2025-07-31', '14:15:00.000000', 'FOLLOW_UP', '2025-07-29 11:45:00.000000', 'COMPLETED', 1008, '197809123456'),
(82, '2025-07-05', '16:00:00.000000', 'CONSULTATION', '2025-07-03 13:20:00.000000', 'COMPLETED', 1004, '200156789012'),
(83, '2025-07-11', '12:30:00.000000', 'RADIOLOGY', '2025-07-09 16:45:00.000000', 'COMPLETED', 1006, '198712345678'),
(85, '2025-07-25', '09:45:00.000000', 'GRAFT_RENAL_BIOPSY', '2025-07-23 12:00:00.000000', 'COMPLETED', 1001, '198001234567'),
(86, '2025-08-05', '10:30:00.000000', 'CONSULTATION', '2025-08-03 14:30:00.000000', 'COMPLETED', 1005, '199567890123'),
(87, '2025-08-08', '13:45:00.000000', 'FOLLOW_UP', '2025-08-06 09:15:00.000000', 'COMPLETED', 1001, '198001234567'),
(88, '2025-08-12', '15:00:00.000000', 'ULTRASOUND', '2025-08-10 11:45:00.000000', 'COMPLETED', 1006, '197712345678'),
(89, '2025-08-16', '09:30:00.000000', 'RADIOLOGY', '2025-08-14 16:20:00.000000', 'COMPLETED', 1006, '199890123456'),
(90, '2025-08-19', '11:15:00.000000', 'CONSULTATION', '2025-08-17 08:30:00.000000', 'COMPLETED', 1002, '198334567890'),
(91, '2025-08-22', '14:30:00.000000', 'EMERGENCY', '2025-08-22 14:00:00.000000', 'COMPLETED', 1003, '200001234567'),
(92, '2025-08-26', '08:00:00.000000', 'WOUND_DRESSING', '2025-08-24 13:15:00.000000', 'COMPLETED', 1007, '199145678901'),
(94, '2025-08-30', '16:45:00.000000', 'FOLLOW_UP', '2025-08-28 15:30:00.000000', 'COMPLETED', 1004, '199723456789'),
(95, '2025-09-02', '09:15:00.000000', 'CONSULTATION', '2025-08-31 12:20:00.000000', 'COMPLETED', 1001, '198878901234'),
(96, '2025-09-05', '11:00:00.000000', 'ULTRASOUND', '2025-09-03 14:45:00.000000', 'COMPLETED', 1006, '199512345678'),
(97, '2025-09-09', '14:15:00.000000', 'RADIOLOGY', '2025-09-07 16:30:00.000000', 'COMPLETED', 1006, '198190123456'),
(99, '2025-09-16', '08:45:00.000000', 'CONSULTATION', '2025-09-14 11:15:00.000000', 'COMPLETED', 1005, '198445678901'),
(100, '2025-09-19', '10:30:00.000000', 'FOLLOW_UP', '2025-09-17 13:30:00.000000', 'COMPLETED', 1008, '199356789012'),
(101, '2025-09-22', '13:00:00.000000', 'CONSULTATION', '2025-09-20 09:45:00.000000', 'COMPLETED', 1002, '199823456789'),
(102, '2025-09-25', '15:45:00.000000', 'NATIVE_RENAL_BIOPSY', '2025-09-23 12:00:00.000000', 'COMPLETED', 1004, '198712345679'),
(103, '2025-09-26', '09:00:00.000000', 'ULTRASOUND', '2025-09-24 15:15:00.000000', 'COMPLETED', 1006, '199012345678'),
(104, '2025-09-28', '12:30:00.000000', 'WOUND_DRESSING', '2025-09-26 10:30:00.000000', 'COMPLETED', 1007, '198507891234'),
(106, '2025-10-02', '08:30:00.000000', 'FOLLOW_UP', '2025-09-30 13:20:00.000000', 'COMPLETED', 1001, '198712345679'),
(107, '2025-10-04', '10:45:00.000000', 'CONSULTATION', '2025-10-02 15:30:00.000000', 'COMPLETED', 1002, '197809123456'),
(108, '2025-10-07', '13:15:00.000000', 'RADIOLOGY', '2025-10-05 09:45:00.000000', 'COMPLETED', 1006, '200156789012'),
(109, '2025-10-10', '15:30:00.000000', 'ULTRASOUND', '2025-10-08 12:15:00.000000', 'COMPLETED', 1006, '198712345678'),
(110, '2025-10-14', '09:45:00.000000', 'EMERGENCY', '2025-10-14 09:15:00.000000', 'COMPLETED', 1003, '199434567890'),
(111, '2025-10-17', '11:30:00.000000', 'CONSULTATION', '2025-10-15 14:00:00.000000', 'COMPLETED', 1005, '198001234567'),
(112, '2025-10-21', '14:45:00.000000', 'WOUND_DRESSING', '2025-10-19 16:30:00.000000', 'COMPLETED', 1007, '199567890123'),
(113, '2025-10-24', '08:15:00.000000', 'FOLLOW_UP', '2025-10-22 11:45:00.000000', 'COMPLETED', 1004, '197712345678'),
(115, '2025-10-28', '15:15:00.000000', 'RADIOLOGY', '2025-10-26 09:20:00.000000', 'CONFIRMED', 1006, '198334567890'),
(116, '2025-10-29', '10:00:00.000000', 'ULTRASOUND', '2025-10-27 13:45:00.000000', 'SCHEDULED', 1006, '200001234567'),
(117, '2025-10-30', '13:30:00.000000', 'CONSULTATION', '2025-10-28 16:15:00.000000', 'SCHEDULED', 1001, '199145678901'),
(118, '2025-10-31', '09:30:00.000000', 'EMERGENCY', '2025-10-31 09:00:00.000000', 'SCHEDULED', 1003, '198656789012'),
(119, '2025-10-31', '16:45:00.000000', 'GRAFT_RENAL_BIOPSY', '2025-10-29 12:30:00.000000', 'SCHEDULED', 1004, '199723456789'),
(120, '2025-10-25', '11:15:00.000000', 'WOUND_DRESSING', '2025-10-23 08:45:00.000000', 'CONFIRMED', 1007, '198878901234'),
(121, '2025-11-01', '08:00:00.000000', 'CONSULTATION', '2025-10-30 15:20:00.000000', 'SCHEDULED', 1002, '199512345678'),
(122, '2025-11-03', '09:45:00.000000', 'FOLLOW_UP', '2025-11-01 11:30:00.000000', 'SCHEDULED', 1008, '198190123456'),
(123, '2025-11-05', '11:30:00.000000', 'RADIOLOGY', '2025-11-03 14:15:00.000000', 'SCHEDULED', 1006, '199678901234'),
(124, '2025-11-07', '14:00:00.000000', 'CONSULTATION', '2025-11-05 16:45:00.000000', 'SCHEDULED', 1005, '198445678901'),
(125, '2025-11-08', '16:15:00.000000', 'ULTRASOUND', '2025-11-06 10:00:00.000000', 'SCHEDULED', 1006, '199356789012'),
(127, '2025-11-12', '10:15:00.000000', 'CONSULTATION', '2025-11-10 13:30:00.000000', 'SCHEDULED', 1001, '198712345679'),
(128, '2025-11-14', '12:45:00.000000', 'WOUND_DRESSING', '2025-11-12 09:15:00.000000', 'SCHEDULED', 1007, '199012345678'),
(129, '2025-11-16', '15:30:00.000000', 'FOLLOW_UP', '2025-11-14 12:00:00.000000', 'SCHEDULED', 1004, '198507891234'),
(130, '2025-11-18', '09:00:00.000000', 'RADIOLOGY', '2025-11-16 14:45:00.000000', 'SCHEDULED', 1006, '199203456789'),
(132, '2025-11-21', '13:00:00.000000', 'ULTRASOUND', '2025-11-19 08:15:00.000000', 'SCHEDULED', 1006, '200156789012'),
(133, '2025-11-22', '15:45:00.000000', 'NATIVE_RENAL_BIOPSY', '2025-11-20 11:00:00.000000', 'SCHEDULED', 1001, '198712345678'),
(134, '2025-11-24', '08:15:00.000000', 'CONSULTATION', '2025-11-22 13:45:00.000000', 'SCHEDULED', 1002, '199434567890'),
(135, '2025-11-26', '10:30:00.000000', 'EMERGENCY', '2025-11-26 10:00:00.000000', 'SCHEDULED', 1003, '198001234567'),
(136, '2025-11-27', '12:15:00.000000', 'FOLLOW_UP', '2025-11-25 15:20:00.000000', 'SCHEDULED', 1008, '199567890123'),
(137, '2025-11-28', '14:30:00.000000', 'CONSULTATION', '2025-11-26 09:30:00.000000', 'SCHEDULED', 1005, '197712345678'),
(138, '2025-11-29', '16:00:00.000000', 'RADIOLOGY', '2025-11-27 12:45:00.000000', 'SCHEDULED', 1006, '199890123456'),
(139, '2025-11-30', '09:15:00.000000', 'WOUND_DRESSING', '2025-11-28 14:15:00.000000', 'SCHEDULED', 1007, '198334567890'),
(140, '2025-11-04', '13:15:00.000000', 'CONSULTATION', '2025-11-02 16:00:00.000000', 'SCHEDULED', 1004, '200001234567'),
(141, '2025-11-11', '15:00:00.000000', 'ULTRASOUND', '2025-11-09 10:30:00.000000', 'SCHEDULED', 1006, '199145678901'),
(144, '2025-11-25', '14:15:00.000000', 'GRAFT_RENAL_BIOPSY', '2025-11-23 09:45:00.000000', 'SCHEDULED', 1004, '198878901234'),
(145, '2025-11-30', '16:30:00.000000', 'FOLLOW_UP', '2025-11-28 11:20:00.000000', 'SCHEDULED', 1001, '199512345678'),
(146, '2025-12-02', '09:30:00.000000', 'CONSULTATION', '2025-11-30 12:45:00.000000', 'SCHEDULED', 1002, '198190123456'),
(147, '2025-12-04', '11:45:00.000000', 'RADIOLOGY', '2025-12-02 15:30:00.000000', 'SCHEDULED', 1006, '199678901234'),
(148, '2025-12-06', '14:00:00.000000', 'ULTRASOUND', '2025-12-04 08:15:00.000000', 'SCHEDULED', 1006, '198445678901'),
(149, '2025-12-09', '08:15:00.000000', 'EMERGENCY', '2025-12-09 07:45:00.000000', 'SCHEDULED', 1003, '199356789012'),
(150, '2025-12-11', '10:00:00.000000', 'CONSULTATION', '2025-12-09 13:20:00.000000', 'SCHEDULED', 1005, '199823456789'),
(151, '2025-12-13', '12:30:00.000000', 'FOLLOW_UP', '2025-12-11 16:00:00.000000', 'SCHEDULED', 1008, '198712345679'),
(152, '2025-12-16', '15:15:00.000000', 'WOUND_DRESSING', '2025-12-14 10:45:00.000000', 'SCHEDULED', 1007, '199012345678'),
(153, '2025-12-18', '09:45:00.000000', 'CONSULTATION', '2025-12-16 14:30:00.000000', 'SCHEDULED', 1001, '198507891234'),
(154, '2025-12-19', '11:00:00.000000', 'RADIOLOGY', '2025-12-17 09:15:00.000000', 'SCHEDULED', 1006, '199203456789'),
(155, '2025-12-21', '13:45:00.000000', 'ULTRASOUND', '2025-12-19 12:00:00.000000', 'SCHEDULED', 1006, '197809123456'),
(157, '2025-12-27', '08:30:00.000000', 'FOLLOW_UP', '2025-12-25 11:30:00.000000', 'SCHEDULED', 1004, '198712345678'),
(159, '2025-12-30', '14:45:00.000000', 'NATIVE_RENAL_BIOPSY', '2025-12-28 13:15:00.000000', 'SCHEDULED', 1001, '198001234567');

-- --------------------------------------------------------

--
-- Table structure for table `blood_glucose_results`
--

DROP TABLE IF EXISTS `blood_glucose_results`;
CREATE TABLE IF NOT EXISTS `blood_glucose_results` (
  `id` bigint NOT NULL AUTO_INCREMENT,
  `glucose_level` double DEFAULT NULL,
  `test_type` varchar(255) DEFAULT NULL,
  `test_result_id` bigint NOT NULL,
  PRIMARY KEY (`id`),
  UNIQUE KEY `UK6988t97oiins60a6g8qhfpdbi` (`test_result_id`)
) ENGINE=InnoDB AUTO_INCREMENT=7 DEFAULT CHARSET=utf8mb4 COLLATE=utf8mb4_0900_ai_ci;

--
-- Dumping data for table `blood_glucose_results`
--

INSERT INTO `blood_glucose_results` (`id`, `glucose_level`, `test_type`, `test_result_id`) VALUES
(3, 95, 'postprandial', 24),
(4, 95, 'random', 28),
(5, 95, 'random', 34),
(6, 95, 'random', 36);

-- --------------------------------------------------------

--
-- Table structure for table `cholesterol_level_results`
--

DROP TABLE IF EXISTS `cholesterol_level_results`;
CREATE TABLE IF NOT EXISTS `cholesterol_level_results` (
  `id` bigint NOT NULL AUTO_INCREMENT,
  `hdl_cholesterol` int DEFAULT NULL,
  `ldl_cholesterol` int DEFAULT NULL,
  `total_cholesterol` int DEFAULT NULL,
  `triglycerides` int DEFAULT NULL,
  `test_result_id` bigint NOT NULL,
  PRIMARY KEY (`id`),
  UNIQUE KEY `UK7ybomccjpymgkue2h6lb8exgj` (`test_result_id`)
) ENGINE=InnoDB AUTO_INCREMENT=13 DEFAULT CHARSET=utf8mb4 COLLATE=utf8mb4_0900_ai_ci;

--
-- Dumping data for table `cholesterol_level_results`
--

INSERT INTO `cholesterol_level_results` (`id`, `hdl_cholesterol`, `ldl_cholesterol`, `total_cholesterol`, `triglycerides`, `test_result_id`) VALUES
(5, 50, 110, 180, 120, 25),
(6, 50, 110, 180, 120, 27),
(7, NULL, NULL, 180, NULL, 30),
(8, NULL, NULL, 180, NULL, 31),
(9, NULL, NULL, 180, NULL, 33),
(10, NULL, NULL, 180, NULL, 35),
(11, NULL, NULL, 1322432, NULL, 38),
(12, NULL, NULL, 1322432, NULL, 39);

-- --------------------------------------------------------

--
-- Table structure for table `clinic_prescriptions`
--

DROP TABLE IF EXISTS `clinic_prescriptions`;
CREATE TABLE IF NOT EXISTS `clinic_prescriptions` (
  `id` bigint NOT NULL AUTO_INCREMENT,
  `clinic_name` varchar(100) DEFAULT NULL,
  `created_at` datetime(6) DEFAULT NULL,
  `end_date` date DEFAULT NULL,
  `last_modified` datetime(6) DEFAULT NULL,
  `prescribed_by` varchar(100) DEFAULT NULL,
  `prescribed_date` datetime(6) NOT NULL,
  `prescription_id` varchar(20) NOT NULL,
  `prescription_notes` text,
  `start_date` date NOT NULL,
  `status` enum('ACTIVE','COMPLETED','DISCONTINUED','EXPIRED','IN_PROGRESS','PENDING','READY') NOT NULL,
  `total_medications` int NOT NULL,
  `visit_type` varchar(50) DEFAULT NULL,
  `patient_national_id` varchar(255) NOT NULL,
  PRIMARY KEY (`id`),
  UNIQUE KEY `UK4o2lavmojt18hh4cvwc0uyhyk` (`prescription_id`),
  KEY `idx_clinic_prescription_patient` (`patient_national_id`),
  KEY `idx_clinic_prescription_status` (`status`),
  KEY `idx_clinic_prescription_prescribed_date` (`prescribed_date`)
) ENGINE=InnoDB AUTO_INCREMENT=23 DEFAULT CHARSET=utf8mb4 COLLATE=utf8mb4_0900_ai_ci;

--
-- Dumping data for table `clinic_prescriptions`
--

INSERT INTO `clinic_prescriptions` (`id`, `clinic_name`, `created_at`, `end_date`, `last_modified`, `prescribed_by`, `prescribed_date`, `prescription_id`, `prescription_notes`, `start_date`, `status`, `total_medications`, `visit_type`, `patient_national_id`) VALUES
(8, 'Outpatient Clinic', '2025-10-14 14:48:37.442189', NULL, '2025-10-14 14:54:27.526745', 'Clinic Doctor', '2025-10-14 14:48:37.441181', 'CP20251014144837172', 'Clinic prescription for 1 medication(s) - Patient: Kumari Wijesinghe', '2025-10-14', 'COMPLETED', 1, 'Consultation', '197712345678'),
(9, 'Outpatient Clinic', '2025-10-14 14:53:33.530056', NULL, '2025-10-14 14:53:47.804892', 'Clinic Doctor', '2025-10-14 14:53:33.529057', 'CP20251014145333544', 'Clinic prescription for 1 medication(s) - Patient: Kumari Wijesinghe', '2025-10-14', 'COMPLETED', 1, 'Consultation', '197712345678'),
(10, 'Outpatient Clinic', '2025-10-14 15:00:12.692705', NULL, '2025-10-14 15:00:36.233056', 'Clinic Doctor', '2025-10-14 15:00:12.691397', 'CP20251014150012795', 'Clinic prescription for 1 medication(s) - Patient: Gamini Wickremesinghe', '2025-10-14', 'COMPLETED', 1, 'Consultation', '198190123456'),
(11, 'Outpatient Clinic', '2025-10-14 15:01:15.394915', NULL, '2025-10-14 15:01:52.382957', 'Clinic Doctor', '2025-10-14 15:01:15.393451', 'CP20251014150115682', 'Clinic prescription for 1 medication(s) - Patient: Gamini Wickremesinghe', '2025-10-14', 'COMPLETED', 1, 'Consultation', '198190123456'),
(12, 'Outpatient Clinic', '2025-10-14 15:27:51.607148', NULL, '2025-10-14 15:28:31.691751', 'Clinic Doctor', '2025-10-14 15:27:51.596476', 'CP20251014152751380', 'Clinic prescription for 1 medication(s) - Patient: Kumari Wijesinghe', '2025-10-14', 'COMPLETED', 1, 'Consultation', '197712345678'),
(13, 'Outpatient Clinic', '2025-10-14 15:38:49.813433', NULL, '2025-10-14 15:51:54.067975', 'Clinic Doctor', '2025-10-14 15:38:49.797983', 'CP20251014153849173', 'Clinic prescription for 1 medication(s) - Patient: Kumari Wijesinghe', '2025-10-14', 'COMPLETED', 1, 'Consultation', '197712345678'),
(14, 'Outpatient Clinic', '2025-10-14 15:39:39.941040', NULL, '2025-10-14 15:51:55.093518', 'Clinic Doctor', '2025-10-14 15:39:39.940037', 'CP20251014153939121', 'Clinic prescription for 1 medication(s) - Patient: Gamini Wickremesinghe', '2025-10-14', 'COMPLETED', 1, 'Consultation', '198190123456'),
(15, 'Outpatient Clinic', '2025-10-14 15:40:25.476681', NULL, '2025-10-14 15:49:58.669619', 'Clinic Doctor', '2025-10-14 15:40:25.476681', 'CP20251014154025668', 'Clinic prescription for 1 medication(s) - Patient: Malini Jayawardena; Cancelled: Cancelled by pharmacist', '2025-10-14', 'DISCONTINUED', 1, 'Consultation', '197809123456'),
(16, 'Outpatient Clinic', '2025-10-14 15:51:28.540148', NULL, '2025-10-14 15:51:56.433219', 'Clinic Doctor', '2025-10-14 15:51:28.538881', 'CP20251014155128183', 'Clinic prescription for 1 medication(s) - Patient: Gamini Wickremesinghe', '2025-10-14', 'COMPLETED', 1, 'Consultation', '198190123456'),
(17, 'Outpatient Clinic', '2025-10-14 16:44:57.421602', NULL, '2025-10-14 21:04:38.342315', 'Clinic Doctor', '2025-10-14 16:44:57.412568', 'CP20251014164457957', 'Clinic prescription for 1 medication(s) - Patient: Kumari Wijesinghe', '2025-10-14', 'COMPLETED', 1, 'Consultation', '197712345678'),
(18, 'Outpatient Clinic', '2025-10-14 20:54:54.661326', NULL, '2025-10-14 21:04:38.836634', 'Clinic Doctor', '2025-10-14 20:54:54.642435', 'CP20251014205454630', 'Clinic prescription for 1 medication(s) - Patient: Gamini Wickremesinghe', '2025-10-14', 'COMPLETED', 1, 'Consultation', '198190123456'),
(19, 'Outpatient Clinic', '2025-10-14 21:04:12.503348', NULL, '2025-10-14 21:04:34.494956', 'Clinic Doctor', '2025-10-14 21:04:12.502355', 'CP20251014210412312', 'Clinic prescription for 1 medication(s) - Patient: Sandya Rathnayake', '2025-10-14', 'COMPLETED', 1, 'Consultation', '198001234567'),
(20, 'Outpatient Clinic', '2025-10-15 18:53:00.715346', NULL, '2025-10-15 18:53:10.815076', 'Clinic Doctor', '2025-10-15 18:53:00.635708', 'CP20251015185300888', 'Clinic prescription for 1 medication(s) - Patient: Sandya Rathnayake', '2025-10-15', 'COMPLETED', 1, 'Consultation', '198001234567'),
(21, 'Outpatient Clinic', '2025-10-15 23:12:21.833411', NULL, '2025-10-15 23:12:25.938341', 'Clinic Doctor', '2025-10-15 23:12:21.832201', 'CP20251015231221905', 'Clinic prescription for 1 medication(s) - Patient: Malini Jayawardena', '2025-10-15', 'COMPLETED', 1, 'Consultation', '197809123456'),
(22, 'Outpatient Clinic', '2025-10-15 23:40:57.891811', NULL, '2025-10-15 23:41:09.963938', 'Clinic Doctor', '2025-10-15 23:40:57.890811', 'CP20251015234057405', 'Clinic prescription for 1 medication(s) - Patient: Kumari Wijesinghe', '2025-10-15', 'COMPLETED', 1, 'Consultation', '197712345678');

-- --------------------------------------------------------

--
-- Table structure for table `clinic_prescription_items`
--

DROP TABLE IF EXISTS `clinic_prescription_items`;
CREATE TABLE IF NOT EXISTS `clinic_prescription_items` (
  `id` bigint NOT NULL AUTO_INCREMENT,
  `created_at` datetime(6) DEFAULT NULL,
  `dispensed_by` varchar(100) DEFAULT NULL,
  `dispensed_date` datetime(6) DEFAULT NULL,
  `dispensed_quantity` int DEFAULT NULL,
  `dose` varchar(50) NOT NULL,
  `frequency` varchar(100) NOT NULL,
  `instructions` text,
  `is_urgent` bit(1) NOT NULL,
  `item_status` enum('ACTIVE','COMPLETED','DISCONTINUED','EXPIRED','IN_PROGRESS','PENDING','READY') NOT NULL,
  `last_modified` datetime(6) DEFAULT NULL,
  `notes` text,
  `quantity` int NOT NULL,
  `quantity_unit` varchar(20) DEFAULT NULL,
  `remaining_quantity` int DEFAULT NULL,
  `route` varchar(50) DEFAULT NULL,
  `total_price` decimal(10,2) DEFAULT NULL,
  `unit_price` decimal(10,2) DEFAULT NULL,
  `clinic_prescription_id` bigint NOT NULL,
  `medication_id` bigint NOT NULL,
  PRIMARY KEY (`id`),
  KEY `idx_clinic_prescription_item_prescription` (`clinic_prescription_id`),
  KEY `idx_clinic_prescription_item_medication` (`medication_id`),
  KEY `idx_clinic_prescription_item_status` (`item_status`)
) ENGINE=InnoDB AUTO_INCREMENT=23 DEFAULT CHARSET=utf8mb4 COLLATE=utf8mb4_0900_ai_ci;

--
-- Dumping data for table `clinic_prescription_items`
--

INSERT INTO `clinic_prescription_items` (`id`, `created_at`, `dispensed_by`, `dispensed_date`, `dispensed_quantity`, `dose`, `frequency`, `instructions`, `is_urgent`, `item_status`, `last_modified`, `notes`, `quantity`, `quantity_unit`, `remaining_quantity`, `route`, `total_price`, `unit_price`, `clinic_prescription_id`, `medication_id`) VALUES
(8, '2025-10-14 14:48:37.450530', NULL, NULL, 0, '5mg', 'Twice daily (BD)', 'Take with food', b'0', 'PENDING', '2025-10-14 14:48:37.450530', 'Clinic prescription', 23, 'tablets', 23, 'Oral', NULL, NULL, 8, 13),
(9, '2025-10-14 14:53:33.545684', NULL, NULL, 0, '75mg', 'Once daily (OD)', 'Take with food', b'0', 'PENDING', '2025-10-14 14:53:33.545684', 'Clinic prescription', 33, 'tablets', 33, 'Oral', NULL, NULL, 9, 12),
(10, '2025-10-14 15:00:12.707657', NULL, NULL, 0, '500mg', 'Once daily (OD)', 'Take after meals', b'0', 'PENDING', '2025-10-14 15:00:12.707657', 'Clinic prescription', 23, 'tablets', 23, 'Oral', NULL, NULL, 10, 10),
(11, '2025-10-14 15:01:15.402046', NULL, NULL, 0, '1mg', 'Twice daily (BD)', 'Take with food', b'0', 'PENDING', '2025-10-14 15:01:15.402046', 'Clinic prescription', 5, 'capsules', 5, 'Oral', NULL, NULL, 11, 15),
(12, '2025-10-14 15:27:51.664162', NULL, NULL, 0, '500mg', 'Once daily (OD)', 'Take with food', b'0', 'PENDING', '2025-10-14 15:27:51.664162', 'Clinic prescription', 23, 'tablets', 23, 'Oral', NULL, NULL, 12, 10),
(13, '2025-10-14 15:38:49.922558', NULL, NULL, 0, '250mg', 'Three times daily (TDS)', 'Take with food', b'0', 'PENDING', '2025-10-14 15:38:49.922558', 'Clinic prescription', 34, 'tablets', 34, 'Oral', NULL, NULL, 13, 10),
(14, '2025-10-14 15:39:39.954325', NULL, NULL, 0, '500mg', 'Twice daily (BD)', 'Take with food', b'0', 'PENDING', '2025-10-14 15:39:39.954325', 'Clinic prescription', 34, 'tablets', 34, 'Oral', NULL, NULL, 14, 10),
(15, '2025-10-14 15:40:25.484091', NULL, NULL, 0, '500mg', 'Twice daily (BD)', 'Take with food', b'0', 'PENDING', '2025-10-14 15:40:25.484091', 'Clinic prescription', 40, 'tablets', 40, 'Oral', NULL, NULL, 15, 10),
(16, '2025-10-14 15:51:28.549980', NULL, NULL, 0, '37.5mg', 'Three times daily (TDS)', 'Take with food', b'0', 'PENDING', '2025-10-14 15:51:28.549980', 'Clinic prescription', 32, 'tablets', 32, 'Oral', NULL, NULL, 16, 12),
(17, '2025-10-14 16:44:57.502943', NULL, NULL, 0, '5mg', 'Twice daily (BD)', 'Take with food', b'0', 'PENDING', '2025-10-14 16:44:57.502943', 'Clinic prescription', 32, 'tablets', 32, 'Oral', NULL, NULL, 17, 13),
(18, '2025-10-14 20:54:54.788664', NULL, NULL, 0, '2.5mg', 'Twice daily (BD)', 'Take with food', b'0', 'PENDING', '2025-10-14 20:54:54.788664', 'Clinic prescription', 3, 'tablets', 3, 'Oral', NULL, NULL, 18, 11),
(19, '2025-10-14 21:04:12.518346', NULL, NULL, 0, '2.5mg', 'Once daily (OD)', 'Take with food', b'0', 'PENDING', '2025-10-14 21:04:12.518346', 'Clinic prescription', 34, 'tablets', 34, 'Oral', NULL, NULL, 19, 11),
(20, '2025-10-15 18:53:00.900473', NULL, NULL, 0, '500mg', 'Once daily (OD)', 'Take before meals', b'0', 'PENDING', '2025-10-15 18:53:00.900473', 'Clinic prescription', 3, 'tablets', 3, 'Oral', NULL, NULL, 20, 28),
(21, '2025-10-15 23:12:21.938447', NULL, NULL, 0, '250mg', 'Once daily (OD)', 'Take with food', b'0', 'PENDING', '2025-10-15 23:12:21.939753', 'Clinic prescription', 3, 'tablets', 3, 'Oral', NULL, NULL, 21, 23),
(22, '2025-10-15 23:40:57.918281', NULL, NULL, 0, '250mg', 'Twice daily (BD)', 'Take with food', b'0', 'PENDING', '2025-10-15 23:40:57.918281', 'Clinic prescription', 45, 'tablets', 45, 'Oral', NULL, NULL, 22, 10);

-- --------------------------------------------------------

--
-- Table structure for table `complete_blood_count_results`
--

DROP TABLE IF EXISTS `complete_blood_count_results`;
CREATE TABLE IF NOT EXISTS `complete_blood_count_results` (
  `id` bigint NOT NULL AUTO_INCREMENT,
  `hemoglobin` double DEFAULT NULL,
  `platelets` int DEFAULT NULL,
  `rbc` double DEFAULT NULL,
  `wbc` double DEFAULT NULL,
  `test_result_id` bigint NOT NULL,
  PRIMARY KEY (`id`),
  UNIQUE KEY `UKpayt4t5yxexb3kokyxbm04jne` (`test_result_id`)
) ENGINE=InnoDB AUTO_INCREMENT=7 DEFAULT CHARSET=utf8mb4 COLLATE=utf8mb4_0900_ai_ci;

--
-- Dumping data for table `complete_blood_count_results`
--

INSERT INTO `complete_blood_count_results` (`id`, `hemoglobin`, `platelets`, `rbc`, `wbc`, `test_result_id`) VALUES
(5, 13.2, 300, 4.8, 7.5, 23),
(6, 13.2, 300, 4.8, 5.6, 26);

-- --------------------------------------------------------

--
-- Table structure for table `dialysis_machine`
--

DROP TABLE IF EXISTS `dialysis_machine`;
CREATE TABLE IF NOT EXISTS `dialysis_machine` (
  `machine_id` varchar(20) NOT NULL,
  `created_at` datetime(6) DEFAULT NULL,
  `installation_date` date DEFAULT NULL,
  `last_maintenance` date DEFAULT NULL,
  `location` varchar(100) DEFAULT NULL,
  `machine_name` varchar(100) NOT NULL,
  `maintenance_interval_days` int DEFAULT NULL,
  `manufacturer` varchar(50) DEFAULT NULL,
  `model` varchar(50) DEFAULT NULL,
  `next_maintenance` date DEFAULT NULL,
  `notes` text,
  `status` enum('ACTIVE','MAINTENANCE','OUT_OF_ORDER','RETIRED') NOT NULL,
  `total_hours_used` int DEFAULT NULL,
  `updated_at` datetime(6) DEFAULT NULL,
  PRIMARY KEY (`machine_id`)
) ENGINE=InnoDB DEFAULT CHARSET=utf8mb4 COLLATE=utf8mb4_0900_ai_ci;

--
-- Dumping data for table `dialysis_machine`
--

INSERT INTO `dialysis_machine` (`machine_id`, `created_at`, `installation_date`, `last_maintenance`, `location`, `machine_name`, `maintenance_interval_days`, `manufacturer`, `model`, `next_maintenance`, `notes`, `status`, `total_hours_used`, `updated_at`) VALUES
('DM001', '2025-10-15 14:09:17.000000', '2022-03-15', '2024-12-01', 'Ward A - Bay 1', 'Dialysis Machine Alpha', 90, 'Fresenius Medical Care', 'HD-3000', '2025-03-01', NULL, 'ACTIVE', 8760, '2025-10-15 14:09:17.000000'),
('DM002', '2025-10-15 14:09:17.000000', '2022-03-15', '2024-12-05', 'Ward A - Bay 2', 'Dialysis Machine Beta', 90, 'Fresenius Medical Care', 'HD-3000', '2025-03-05', NULL, 'ACTIVE', 8640, '2025-10-15 14:09:17.000000'),
('DM003', '2025-10-15 14:09:17.000000', '2023-01-20', '2024-12-10', 'Ward B - Bay 1', 'Dialysis Machine Gamma', 90, 'Baxter Healthcare', 'HD-4000', '2025-03-10', NULL, 'ACTIVE', 7200, '2025-10-15 14:09:17.000000'),
('DM004', '2025-10-15 14:09:17.000000', '2023-01-20', '2024-12-15', 'Ward B - Bay 2', 'Dialysis Machine Delta', 90, 'Baxter Healthcare', 'HD-4000', '2025-03-15', NULL, 'ACTIVE', 7080, '2025-10-15 14:09:17.000000'),
('DM005', '2025-10-15 14:09:17.000000', '2023-06-10', '2024-12-20', 'Ward C - Bay 1', 'Dialysis Machine Epsilon', 90, 'Nipro Corporation', 'HD-5000', '2025-03-20', NULL, 'ACTIVE', 6120, '2025-10-15 14:09:17.000000'),
('DM006', '2025-10-15 14:09:17.000000', '2023-06-10', '2024-12-25', 'Ward C - Bay 2', 'Dialysis Machine Zeta', 90, 'Nipro Corporation', 'HD-5000', '2025-03-25', NULL, 'ACTIVE', 6000, '2025-10-15 14:09:17.000000'),
('DM007', '2025-10-15 14:09:17.000000', '2023-09-05', '2024-11-30', 'ICU Unit', 'Dialysis Machine Eta', 90, 'B. Braun', 'HD-3500', '2025-02-28', NULL, 'ACTIVE', 4320, '2025-10-15 14:09:17.000000'),
('DM008', '2025-10-15 14:09:17.000000', '2023-09-05', '2024-11-25', 'Emergency Unit', 'Dialysis Machine Theta', 90, 'B. Braun', 'HD-3500', '2025-02-23', NULL, 'MAINTENANCE', 4200, '2025-10-15 14:09:17.000000');

-- --------------------------------------------------------

--
-- Table structure for table `dialysis_session`
--

DROP TABLE IF EXISTS `dialysis_session`;
CREATE TABLE IF NOT EXISTS `dialysis_session` (
  `session_id` varchar(50) NOT NULL,
  `actual_end_time` time(6) DEFAULT NULL,
  `actual_start_time` time(6) DEFAULT NULL,
  `admission_id` bigint DEFAULT NULL,
  `attendance` enum('ABSENT','LATE','PENDING','PRESENT') NOT NULL,
  `blood_flow` int DEFAULT NULL,
  `created_at` datetime(6) DEFAULT NULL,
  `dialysate_flow` int DEFAULT NULL,
  `dialysis_access` enum('AV_FISTULA','AV_GRAFT','CENTRAL_CATHETER','PERITONEAL') DEFAULT NULL,
  `duration` varchar(20) DEFAULT NULL,
  `end_time` time(6) NOT NULL,
  `fluid_removal` varchar(255) DEFAULT NULL,
  `is_transferred` bit(1) DEFAULT NULL,
  `machine_id` varchar(255) DEFAULT NULL,
  `patient_comfort` varchar(255) DEFAULT NULL,
  `patient_name` varchar(255) NOT NULL,
  `patient_national_id` varchar(255) NOT NULL,
  `post_blood_pressure` varchar(255) DEFAULT NULL,
  `post_heart_rate` int DEFAULT NULL,
  `post_weight` varchar(255) DEFAULT NULL,
  `pre_blood_pressure` varchar(255) DEFAULT NULL,
  `pre_heart_rate` int DEFAULT NULL,
  `pre_weight` varchar(255) DEFAULT NULL,
  `scheduled_date` date NOT NULL,
  `session_type` enum('CONTINUOUS_RENAL_REPLACEMENT','HEMODIALYSIS','PERITONEAL_DIALYSIS','PLASMAPHERESIS') NOT NULL,
  `start_time` time(6) NOT NULL,
  `status` enum('CANCELLED','COMPLETED','IN_PROGRESS','NO_SHOW','SCHEDULED') NOT NULL,
  `temperature` double DEFAULT NULL,
  `transferred_from` varchar(255) DEFAULT NULL,
  `updated_at` datetime(6) DEFAULT NULL,
  PRIMARY KEY (`session_id`)
) ENGINE=InnoDB DEFAULT CHARSET=utf8mb4 COLLATE=utf8mb4_0900_ai_ci;

--
-- Dumping data for table `dialysis_session`
--

INSERT INTO `dialysis_session` (`session_id`, `actual_end_time`, `actual_start_time`, `admission_id`, `attendance`, `blood_flow`, `created_at`, `dialysate_flow`, `dialysis_access`, `duration`, `end_time`, `fluid_removal`, `is_transferred`, `machine_id`, `patient_comfort`, `patient_name`, `patient_national_id`, `post_blood_pressure`, `post_heart_rate`, `post_weight`, `pre_blood_pressure`, `pre_heart_rate`, `pre_weight`, `scheduled_date`, `session_type`, `start_time`, `status`, `temperature`, `transferred_from`, `updated_at`) VALUES
('DS20250101001', '12:00:00.000000', '08:05:00.000000', NULL, 'PRESENT', 300, '2025-10-15 14:09:17.000000', 500, 'AV_FISTULA', '4h 00m', '12:00:00.000000', '2.7L', NULL, 'DM001', NULL, 'John Smith', '123456789V', '125/85', 72, '69.8', '140/90', 78, '72.5', '2025-01-02', 'HEMODIALYSIS', '08:00:00.000000', 'COMPLETED', 36.6, NULL, '2025-10-15 14:09:17.000000'),
('DS20250101002', '12:05:00.000000', '08:03:00.000000', NULL, 'PRESENT', 280, '2025-10-15 14:09:17.000000', 500, 'AV_FISTULA', '4h 00m', '12:00:00.000000', '3.1L', NULL, 'DM002', NULL, 'Maria Garcia', '987654321V', '135/88', 75, '62.1', '155/95', 82, '65.2', '2025-01-02', 'HEMODIALYSIS', '08:00:00.000000', 'COMPLETED', 36.8, NULL, '2025-10-15 14:09:17.000000'),
('DS20250101003', '17:00:00.000000', '13:02:00.000000', NULL, 'PRESENT', 320, '2025-10-15 14:09:17.000000', 500, 'AV_GRAFT', '4h 00m', '17:00:00.000000', '3.2L', NULL, 'DM003', NULL, 'Ahmed Hassan', '456789123V', '140/90', 78, '74.9', '160/100', 85, '78.1', '2025-01-02', 'HEMODIALYSIS', '13:00:00.000000', 'COMPLETED', 36.7, NULL, '2025-10-15 14:09:17.000000'),
('DS20250101004', '17:05:00.000000', '13:10:00.000000', NULL, 'LATE', 275, '2025-10-15 14:09:17.000000', 500, 'AV_FISTULA', '4h 00m', '17:00:00.000000', '2.5L', NULL, 'DM004', NULL, 'Sarah Johnson', '789123456V', '120/80', 70, '56.2', '135/85', 76, '58.7', '2025-01-02', 'HEMODIALYSIS', '13:00:00.000000', 'COMPLETED', 36.5, NULL, '2025-10-15 14:09:17.000000'),
('DS20250101005', '12:00:00.000000', '08:00:00.000000', NULL, 'PRESENT', 250, '2025-10-15 14:09:17.000000', 500, 'CENTRAL_CATHETER', '4h 00m', '12:00:00.000000', '3.5L', NULL, 'DM005', NULL, 'Robert Chen', '321654987V', '150/95', 80, '78.8', '170/105', 88, '82.3', '2025-01-03', 'HEMODIALYSIS', '08:00:00.000000', 'COMPLETED', 36.9, NULL, '2025-10-15 14:09:17.000000'),
('DS20250103006', '17:00:00.000000', '13:05:00.000000', NULL, 'PRESENT', 290, '2025-10-15 14:09:17.000000', 500, 'AV_FISTULA', '4h 00m', '17:00:00.000000', '2.6L', NULL, 'DM001', NULL, 'Lisa Wong', '111222333V', '130/85', 73, '58.9', '145/90', 79, '61.5', '2025-01-03', 'HEMODIALYSIS', '13:00:00.000000', 'COMPLETED', 36.6, NULL, '2025-10-15 14:09:17.000000'),
('DS20250103007', '17:00:00.000000', '13:00:00.000000', NULL, 'PRESENT', 310, '2025-10-15 14:09:17.000000', 500, 'AV_GRAFT', '4h 00m', '17:00:00.000000', '3.7L', NULL, 'DM002', NULL, 'Michael Brown', '444555666V', '145/90', 77, '72.1', '165/100', 84, '75.8', '2025-01-03', 'HEMODIALYSIS', '13:00:00.000000', 'COMPLETED', 36.8, NULL, '2025-10-15 14:09:17.000000'),
('DS20250106008', '12:02:00.000000', '08:07:00.000000', NULL, 'PRESENT', 270, '2025-10-15 14:09:17.000000', 500, 'AV_FISTULA', '4h 00m', '12:00:00.000000', '2.4L', NULL, 'DM003', NULL, 'Jennifer Davis', '777888999V', '115/75', 68, '51.8', '130/80', 74, '54.2', '2025-01-06', 'HEMODIALYSIS', '08:00:00.000000', 'COMPLETED', 36.4, NULL, '2025-10-15 14:09:17.000000'),
('DS20250106009', '12:10:00.000000', '08:15:00.000000', NULL, 'LATE', 240, '2025-10-15 14:09:17.000000', 500, 'CENTRAL_CATHETER', '4h 00m', '12:00:00.000000', '4.2L', NULL, 'DM004', NULL, 'David Wilson', '101112131V', '155/100', 82, '84.2', '175/110', 90, '88.4', '2025-01-06', 'HEMODIALYSIS', '08:00:00.000000', 'COMPLETED', 37, NULL, '2025-10-15 14:09:17.000000'),
('DS20250106010', '17:00:00.000000', '13:00:00.000000', NULL, 'PRESENT', 285, '2025-10-15 14:09:17.000000', 500, 'AV_FISTULA', '4h 00m', '17:00:00.000000', '3.2L', NULL, 'DM005', NULL, 'Emma Martinez', '141516171V', '135/85', 74, '63.5', '150/95', 81, '66.7', '2025-01-06', 'HEMODIALYSIS', '13:00:00.000000', 'COMPLETED', 36.7, NULL, '2025-10-15 14:09:17.000000'),
('DS20250108011', '12:00:00.000000', '08:00:00.000000', NULL, 'PRESENT', 285, '2025-10-15 14:10:58.000000', 500, 'AV_FISTULA', '4h 00m', '12:00:00.000000', '2.7L', NULL, 'DM006', NULL, 'Kevin Murphy', '181920212V', '130/82', 72, '68.5', '145/89', 78, '71.2', '2025-01-08', 'HEMODIALYSIS', '08:00:00.000000', 'COMPLETED', 36.6, NULL, '2025-10-15 14:10:58.000000'),
('DS20250108012', '12:05:00.000000', '08:10:00.000000', NULL, 'LATE', 290, '2025-10-15 14:10:58.000000', 500, 'AV_FISTULA', '4h 00m', '12:00:00.000000', '2.7L', NULL, 'DM007', NULL, 'Sofia Petrov', '222324252V', '135/85', 74, '61.1', '150/92', 80, '63.8', '2025-01-08', 'HEMODIALYSIS', '08:00:00.000000', 'COMPLETED', 36.7, NULL, '2025-10-15 14:10:58.000000'),
('DS20250110013', '17:00:00.000000', '13:00:00.000000', NULL, 'PRESENT', 305, '2025-10-15 14:10:58.000000', 500, 'AV_GRAFT', '4h 00m', '17:00:00.000000', '3.4L', NULL, 'DM001', NULL, 'Marcus Johnson', '262728293V', '145/90', 78, '76.2', '165/100', 85, '79.6', '2025-01-10', 'HEMODIALYSIS', '13:00:00.000000', 'COMPLETED', 36.8, NULL, '2025-10-15 14:10:58.000000'),
('DS20250110014', '17:00:00.000000', '13:00:00.000000', NULL, 'PRESENT', 275, '2025-10-15 14:10:58.000000', 500, 'AV_FISTULA', '4h 00m', '17:00:00.000000', '2.7L', NULL, 'DM002', NULL, 'Amelia Zhang', '303132333V', '123/77', 70, '53.7', '138/84', 76, '56.4', '2025-01-10', 'HEMODIALYSIS', '13:00:00.000000', 'COMPLETED', 36.5, NULL, '2025-10-15 14:10:58.000000'),
('DS20250113015', '12:00:00.000000', '08:00:00.000000', NULL, 'PRESENT', 250, '2025-10-15 14:10:58.000000', 500, 'CENTRAL_CATHETER', '4h 00m', '12:00:00.000000', '3.6L', NULL, 'DM003', NULL, 'Carlos Mendez', '343536373V', '150/95', 80, '80.1', '170/105', 87, '83.7', '2025-01-13', 'HEMODIALYSIS', '08:00:00.000000', 'COMPLETED', 36.9, NULL, '2025-10-15 14:10:58.000000'),
('DS20250115016', '17:02:00.000000', '13:05:00.000000', NULL, 'PRESENT', 295, '2025-10-15 14:10:58.000000', 500, 'AV_FISTULA', '4h 00m', '17:00:00.000000', '2.7L', NULL, 'DM004', NULL, 'Hannah Lee', '383940414V', '137/87', 75, '65.6', '152/94', 81, '68.3', '2025-01-15', 'HEMODIALYSIS', '13:00:00.000000', 'COMPLETED', 36.7, NULL, '2025-10-15 14:10:58.000000'),
('DS20250117017', '12:08:00.000000', '08:12:00.000000', NULL, 'LATE', 300, '2025-10-15 14:10:58.000000', 500, 'AV_FISTULA', '4h 00m', '12:00:00.000000', '3.7L', NULL, 'DM005', NULL, 'Dmitri Volkov', '424344454V', '143/89', 77, '73.1', '163/99', 84, '76.8', '2025-01-17', 'HEMODIALYSIS', '08:00:00.000000', 'COMPLETED', 36.8, NULL, '2025-10-15 14:10:58.000000'),
('DS20250120018', '17:00:00.000000', '13:00:00.000000', NULL, 'PRESENT', 287, '2025-10-15 14:10:58.000000', 500, 'AV_FISTULA', '4h 00m', '17:00:00.000000', '2.7L', NULL, 'DM006', NULL, 'Fatima Al-Said', '464748495V', '132/84', 73, '59.2', '147/91', 79, '61.9', '2025-01-20', 'HEMODIALYSIS', '13:00:00.000000', 'COMPLETED', 36.6, NULL, '2025-10-15 14:10:58.000000'),
('DS20250122019', '12:00:00.000000', '08:00:00.000000', NULL, 'PRESENT', 255, '2025-10-15 14:10:58.000000', 500, 'CENTRAL_CATHETER', '4h 00m', '12:00:00.000000', '3.7L', NULL, 'DM007', NULL, 'Tyler Robinson', '505152535V', '152/97', 81, '80.5', '172/107', 88, '84.2', '2025-01-22', 'HEMODIALYSIS', '08:00:00.000000', 'COMPLETED', 36.9, NULL, '2025-10-15 14:10:58.000000'),
('DS20250124020', '17:00:00.000000', '13:00:00.000000', NULL, 'PRESENT', 280, '2025-10-15 14:10:58.000000', 500, 'AV_FISTULA', '4h 00m', '17:00:00.000000', '2.7L', NULL, 'DM001', NULL, 'Priya Nair', '545556575V', '126/79', 71, '57.0', '141/86', 77, '59.7', '2025-01-24', 'HEMODIALYSIS', '13:00:00.000000', 'COMPLETED', 36.5, NULL, '2025-10-15 14:10:58.000000'),
('DS20250201001', '12:00:00.000000', '08:02:00.000000', NULL, 'PRESENT', 305, '2025-10-15 14:09:17.000000', 500, 'AV_FISTULA', '4h 00m', '12:00:00.000000', '2.9L', NULL, 'DM001', NULL, 'John Smith', '123456789V', '123/82', 71, '70.2', '138/88', 77, '73.1', '2025-02-03', 'HEMODIALYSIS', '08:00:00.000000', 'COMPLETED', 36.5, NULL, '2025-10-15 14:09:17.000000'),
('DS20250201002', '12:03:00.000000', '08:05:00.000000', NULL, 'PRESENT', 285, '2025-10-15 14:09:17.000000', 500, 'AV_FISTULA', '4h 00m', '12:00:00.000000', '2.9L', NULL, 'DM002', NULL, 'Maria Garcia', '987654321V', '133/85', 74, '61.9', '152/92', 80, '64.8', '2025-02-03', 'HEMODIALYSIS', '08:00:00.000000', 'COMPLETED', 36.7, NULL, '2025-10-15 14:09:17.000000'),
('DS2025020103', '12:00:00.000000', '08:00:00.000000', NULL, 'PRESENT', 342, '2025-10-15 14:16:48.000000', 500, 'AV_FISTULA', '4h 00m', '12:00:00.000000', '3.5L', NULL, 'DM001', NULL, 'Maria Garcia', '100001002V', '123/79', 71, '62.7', '143/89', 79, '66.2', '2025-02-05', 'HEMODIALYSIS', '08:00:00.000000', 'COMPLETED', 36.6, NULL, '2025-10-15 14:16:48.000000'),
('DS2025020104', '17:00:00.000000', '13:00:00.000000', NULL, 'PRESENT', 358, '2025-10-15 14:16:48.000000', 500, 'AV_GRAFT', '4h 00m', '17:00:00.000000', '3.6L', NULL, 'DM001', NULL, 'Ahmed Hassan', '100001003V', '129/79', 73, '75.1', '154/94', 81, '78.7', '2025-02-06', 'HEMODIALYSIS', '13:00:00.000000', 'COMPLETED', 36.7, NULL, '2025-10-15 14:16:48.000000'),
('DS2025020105', '12:00:00.000000', '08:00:00.000000', NULL, 'PRESENT', 335, '2025-10-15 14:16:48.000000', 500, 'AV_FISTULA', '4h 00m', '12:00:00.000000', '3.6L', NULL, 'DM001', NULL, 'Sarah Johnson', '100001004V', '114/74', 67, '56.2', '134/84', 75, '59.8', '2025-02-07', 'HEMODIALYSIS', '08:00:00.000000', 'COMPLETED', 36.4, NULL, '2025-10-15 14:16:48.000000'),
('DS2025020202', '12:00:00.000000', '08:00:00.000000', NULL, 'PRESENT', 340, '2025-10-15 14:16:48.000000', 500, 'AV_FISTULA', '4h 00m', '12:00:00.000000', '3.6L', NULL, 'DM002', NULL, 'Lisa Wong', '100002002V', '121/77', 70, '58.5', '141/87', 78, '62.1', '2025-02-05', 'HEMODIALYSIS', '08:00:00.000000', 'COMPLETED', 36.6, NULL, '2025-10-15 14:16:48.000000'),
('DS2025020203', '17:00:00.000000', '13:00:00.000000', NULL, 'PRESENT', 352, '2025-10-15 14:16:48.000000', 500, 'AV_GRAFT', '4h 00m', '17:00:00.000000', '3.7L', NULL, 'DM002', NULL, 'Michael Brown', '100002003V', '132/85', 74, '72.1', '157/95', 82, '75.8', '2025-02-06', 'HEMODIALYSIS', '13:00:00.000000', 'COMPLETED', 36.7, NULL, '2025-10-15 14:16:48.000000'),
('DS20250203003', '17:00:00.000000', '13:00:00.000000', NULL, 'PRESENT', 315, '2025-10-15 14:09:17.000000', 500, 'AV_GRAFT', '4h 00m', '17:00:00.000000', '3.4L', NULL, 'DM003', NULL, 'Carlos Rodriguez', '555666777V', '148/92', 79, '76.1', '168/102', 86, '79.5', '2025-02-05', 'HEMODIALYSIS', '13:00:00.000000', 'COMPLETED', 36.8, NULL, '2025-10-15 14:09:17.000000'),
('DS2025020302', '12:02:00.000000', '08:03:00.000000', NULL, 'PRESENT', 305, '2025-10-15 14:16:48.000000', 500, 'CENTRAL_CATHETER', '4h 00m', '12:00:00.000000', '4.3L', NULL, 'DM003', NULL, 'David Wilson', '100003002V', '144/89', 79, '82.5', '169/104', 87, '86.8', '2025-02-05', 'HEMODIALYSIS', '08:00:00.000000', 'COMPLETED', 36.9, NULL, '2025-10-15 14:16:48.000000'),
('DS2025020303', '17:01:00.000000', '13:02:00.000000', NULL, 'PRESENT', 318, '2025-10-15 14:16:48.000000', 500, 'AV_FISTULA', '4h 00m', '17:00:00.000000', '3.4L', NULL, 'DM003', NULL, 'Emma Martinez', '100003003V', '123/78', 69, '60.4', '143/88', 77, '63.8', '2025-02-06', 'HEMODIALYSIS', '13:00:00.000000', 'COMPLETED', 36.6, NULL, '2025-10-15 14:16:48.000000'),
('DS2025020403', '17:00:00.000000', '13:00:00.000000', NULL, 'PRESENT', 312, '2025-10-15 14:16:48.000000', 500, 'AV_FISTULA', '4h 00m', '17:00:00.000000', '3.4L', NULL, 'DM004', NULL, 'Sophie Taylor', '100004002V', '117/75', 68, '55.9', '137/85', 76, '59.3', '2025-02-05', 'HEMODIALYSIS', '13:00:00.000000', 'COMPLETED', 36.5, NULL, '2025-10-15 14:16:48.000000'),
('DS20250205004', '12:00:00.000000', '08:00:00.000000', NULL, 'PRESENT', 280, '2025-10-15 14:09:17.000000', 500, 'AV_FISTULA', '4h 00m', '12:00:00.000000', '2.6L', NULL, 'DM004', NULL, 'Sophie Taylor', '888999000V', '127/80', 72, '56.7', '142/87', 78, '59.3', '2025-02-07', 'HEMODIALYSIS', '08:00:00.000000', 'COMPLETED', 36.6, NULL, '2025-10-15 14:09:17.000000'),
('DS2025020503', '12:08:00.000000', '08:10:00.000000', NULL, 'LATE', 288, '2025-10-15 14:16:48.000000', 500, 'AV_FISTULA', '4h 00m', '12:00:00.000000', '3.3L', NULL, 'DM005', NULL, 'Fatima Al-Zahra', '100005002V', '125/80', 70, '61.8', '145/90', 78, '65.1', '2025-02-05', 'HEMODIALYSIS', '08:00:00.000000', 'COMPLETED', 36.6, NULL, '2025-10-15 14:16:48.000000'),
('DS2025020603', '17:15:00.000000', '13:12:00.000000', NULL, 'LATE', 278, '2025-10-15 14:16:48.000000', 500, 'AV_FISTULA', '4h 00m', '17:00:00.000000', '2.9L', NULL, 'DM006', NULL, 'Isabella Thompson', '100006002V', '119/76', 67, '53.9', '139/86', 75, '56.8', '2025-02-05', 'HEMODIALYSIS', '13:00:00.000000', 'COMPLETED', 36.5, NULL, '2025-10-15 14:16:48.000000'),
('DS20250207005', '17:05:00.000000', '13:08:00.000000', NULL, 'LATE', 245, '2025-10-15 14:09:17.000000', 500, 'CENTRAL_CATHETER', '4h 00m', '17:00:00.000000', '3.8L', NULL, 'DM005', NULL, 'James Anderson', '222333444V', '152/98', 81, '80.9', '172/108', 89, '84.7', '2025-02-10', 'HEMODIALYSIS', '13:00:00.000000', 'COMPLETED', 36.9, NULL, '2025-10-15 14:09:17.000000'),
('DS2025020703', '12:00:00.000000', '08:00:00.000000', NULL, 'PRESENT', 272, '2025-10-15 14:16:48.000000', 500, 'CENTRAL_CATHETER', '4h 00m', '12:00:00.000000', '3.7L', NULL, 'DM007', NULL, 'Critical Patient A', '100007002V', '147/93', 77, '80.4', '167/103', 85, '84.1', '2025-02-05', 'HEMODIALYSIS', '08:00:00.000000', 'COMPLETED', 36.8, NULL, '2025-10-15 14:16:48.000000'),
('DS2025020803', '19:25:00.000000', '15:30:00.000000', NULL, 'LATE', 245, '2025-10-15 14:16:48.000000', 500, 'CENTRAL_CATHETER', '4h 00m', '19:00:00.000000', '2.7L', NULL, 'DM008', NULL, 'Urgent Case C', '100008002V', '138/86', 74, '75.1', '158/96', 80, '77.8', '2025-02-07', 'HEMODIALYSIS', '15:00:00.000000', 'COMPLETED', 36.7, NULL, '2025-10-15 14:16:48.000000'),
('DS20250210006', '12:00:00.000000', '08:00:00.000000', NULL, 'PRESENT', 288, '2025-10-15 14:10:58.000000', 500, 'AV_FISTULA', '4h 00m', '12:00:00.000000', '2.7L', NULL, 'DM002', NULL, 'Isabella Cruz', '585960616V', '134/85', 74, '64.7', '149/92', 80, '67.4', '2025-02-10', 'HEMODIALYSIS', '08:00:00.000000', 'COMPLETED', 36.6, NULL, '2025-10-15 14:10:58.000000'),
('DS20250212007', '17:05:00.000000', '13:08:00.000000', NULL, 'LATE', 310, '2025-10-15 14:10:58.000000', 500, 'AV_GRAFT', '4h 00m', '17:00:00.000000', '3.7L', NULL, 'DM003', NULL, 'Nathan Park', '626364656V', '146/92', 79, '75.2', '166/102', 86, '78.9', '2025-02-12', 'HEMODIALYSIS', '13:00:00.000000', 'COMPLETED', 36.8, NULL, '2025-10-15 14:10:58.000000'),
('DS20250214008', '12:00:00.000000', '08:00:00.000000', NULL, 'PRESENT', 283, '2025-10-15 14:10:58.000000', 500, 'AV_FISTULA', '4h 00m', '12:00:00.000000', '2.7L', NULL, 'DM004', NULL, 'Zoe Campbell', '666768697V', '129/82', 72, '59.4', '144/89', 78, '62.1', '2025-02-14', 'HEMODIALYSIS', '08:00:00.000000', 'COMPLETED', 36.6, NULL, '2025-10-15 14:10:58.000000'),
('DS20250217009', '17:00:00.000000', '13:00:00.000000', NULL, 'PRESENT', 248, '2025-10-15 14:10:58.000000', 500, 'CENTRAL_CATHETER', '4h 00m', '17:00:00.000000', '3.7L', NULL, 'DM005', NULL, 'Ahmed El-Masry', '707172737V', '154/99', 82, '81.9', '174/109', 89, '85.6', '2025-02-17', 'HEMODIALYSIS', '13:00:00.000000', 'COMPLETED', 37, NULL, '2025-10-15 14:10:58.000000'),
('DS20250219010', '12:02:00.000000', '08:05:00.000000', NULL, 'PRESENT', 275, '2025-10-15 14:10:58.000000', 500, 'AV_FISTULA', '4h 00m', '12:00:00.000000', '2.7L', NULL, 'DM006', NULL, 'Chloe Anderson', '747576777V', '125/80', 71, '56.1', '140/87', 77, '58.8', '2025-02-19', 'HEMODIALYSIS', '08:00:00.000000', 'COMPLETED', 36.5, NULL, '2025-10-15 14:10:58.000000'),
('DS20250301001', '12:00:00.000000', '08:00:00.000000', NULL, 'PRESENT', 295, '2025-10-15 14:09:17.000000', 500, 'AV_FISTULA', '4h 00m', '12:00:00.000000', '3.1L', NULL, 'DM001', NULL, 'Fatima Al-Zahra', '666777888V', '130/85', 73, '65.1', '145/90', 79, '68.2', '2025-03-03', 'HEMODIALYSIS', '08:00:00.000000', 'COMPLETED', 36.6, NULL, '2025-10-15 14:09:17.000000'),
('DS2025030102', '12:00:00.000000', '08:00:00.000000', NULL, 'PRESENT', 345, '2025-10-15 14:16:48.000000', 500, 'AV_FISTULA', '4h 00m', '12:00:00.000000', '3.6L', NULL, 'DM001', NULL, 'Maria Garcia', '100001002V', '122/78', 70, '63.1', '142/88', 78, '66.7', '2025-03-05', 'HEMODIALYSIS', '08:00:00.000000', 'COMPLETED', 36.6, NULL, '2025-10-15 14:16:48.000000'),
('DS2025030103', '17:00:00.000000', '13:00:00.000000', NULL, 'PRESENT', 362, '2025-10-15 14:16:48.000000', 500, 'AV_GRAFT', '4h 00m', '17:00:00.000000', '3.7L', NULL, 'DM001', NULL, 'Ahmed Hassan', '100001003V', '128/78', 72, '75.4', '153/93', 80, '79.1', '2025-03-07', 'HEMODIALYSIS', '13:00:00.000000', 'COMPLETED', 36.7, NULL, '2025-10-15 14:16:48.000000'),
('DS2025030202', '12:00:00.000000', '08:00:00.000000', NULL, 'PRESENT', 348, '2025-10-15 14:16:48.000000', 500, 'AV_FISTULA', '4h 00m', '12:00:00.000000', '3.7L', NULL, 'DM002', NULL, 'Lisa Wong', '100002002V', '120/76', 69, '58.8', '140/86', 77, '62.5', '2025-03-05', 'HEMODIALYSIS', '08:00:00.000000', 'COMPLETED', 36.5, NULL, '2025-10-15 14:16:48.000000'),
('DS20250303002', '17:00:00.000000', '13:03:00.000000', NULL, 'PRESENT', 308, '2025-10-15 14:09:17.000000', 500, 'AV_GRAFT', '4h 00m', '17:00:00.000000', '3.5L', NULL, 'DM002', NULL, 'Thomas Lee', '999000111V', '142/88', 76, '73.4', '162/98', 83, '76.9', '2025-03-05', 'HEMODIALYSIS', '13:00:00.000000', 'COMPLETED', 36.8, NULL, '2025-10-15 14:09:17.000000'),
('DS20250305003', '12:08:00.000000', '08:12:00.000000', NULL, 'LATE', 275, '2025-10-15 14:09:17.000000', 500, 'AV_FISTULA', '4h 00m', '12:00:00.000000', '2.7L', NULL, 'DM003', NULL, 'Isabella Thompson', '333444555V', '123/78', 70, '55.1', '138/85', 76, '57.8', '2025-03-07', 'HEMODIALYSIS', '08:00:00.000000', 'COMPLETED', 36.5, NULL, '2025-10-15 14:09:17.000000'),
('DS20250307004', '17:00:00.000000', '13:00:00.000000', NULL, 'PRESENT', 255, '2025-10-15 14:09:17.000000', 500, 'CENTRAL_CATHETER', '4h 00m', '17:00:00.000000', '3.5L', NULL, 'DM004', NULL, 'Mohammed Ali', '666888999V', '150/95', 80, '77.8', '170/105', 87, '81.3', '2025-03-10', 'HEMODIALYSIS', '13:00:00.000000', 'COMPLETED', 36.9, NULL, '2025-10-15 14:09:17.000000'),
('DS20250310005', '12:02:00.000000', '08:05:00.000000', NULL, 'PRESENT', 288, '2025-10-15 14:09:17.000000', 500, 'AV_FISTULA', '4h 00m', '12:00:00.000000', '2.7L', NULL, 'DM005', NULL, 'Anna Kowalski', '123987654V', '133/87', 74, '59.8', '148/92', 80, '62.5', '2025-03-12', 'HEMODIALYSIS', '08:00:00.000000', 'COMPLETED', 36.7, NULL, '2025-10-15 14:09:17.000000'),
('DS20250314006', '12:00:00.000000', '08:00:00.000000', NULL, 'PRESENT', 292, '2025-10-15 14:10:58.000000', 500, 'AV_FISTULA', '4h 00m', '12:00:00.000000', '2.7L', NULL, 'DM007', NULL, 'Lucas Mitchell', '787980818V', '137/86', 75, '70.8', '157/96', 82, '73.5', '2025-03-14', 'HEMODIALYSIS', '08:00:00.000000', 'COMPLETED', 36.7, NULL, '2025-10-15 14:10:58.000000'),
('DS20250315011', '12:00:00.000000', '08:00:00.000000', NULL, 'PRESENT', 0, '2025-10-15 14:10:58.000000', 300, 'PERITONEAL', '4h 00m', '12:00:00.000000', '2.7L', NULL, 'DM007', NULL, 'Samuel Martinez', '787980818V', '130/82', 72, '66.7', '145/89', 78, '69.4', '2025-03-15', 'PERITONEAL_DIALYSIS', '08:00:00.000000', 'COMPLETED', 36.6, NULL, '2025-10-15 14:10:58.000000'),
('DS20250317007', '17:00:00.000000', '13:00:00.000000', NULL, 'PRESENT', 287, '2025-10-15 14:10:58.000000', 500, 'AV_FISTULA', '4h 00m', '17:00:00.000000', '2.7L', NULL, 'DM001', NULL, 'Maya Singh', '828384858V', '131/83', 73, '61.5', '146/90', 79, '64.2', '2025-03-17', 'HEMODIALYSIS', '13:00:00.000000', 'COMPLETED', 36.6, NULL, '2025-10-15 14:10:58.000000'),
('DS20250319008', '12:07:00.000000', '08:10:00.000000', NULL, 'LATE', 315, '2025-10-15 14:10:58.000000', 500, 'AV_GRAFT', '4h 00m', '12:00:00.000000', '3.7L', NULL, 'DM002', NULL, 'Ethan Rodriguez', '868788899V', '149/94', 80, '76.7', '169/104', 87, '80.4', '2025-03-19', 'HEMODIALYSIS', '08:00:00.000000', 'COMPLETED', 36.9, NULL, '2025-10-15 14:10:58.000000'),
('DS20250321009', '17:00:00.000000', '13:00:00.000000', NULL, 'PRESENT', 272, '2025-10-15 14:10:58.000000', 500, 'AV_FISTULA', '4h 00m', '17:00:00.000000', '2.7L', NULL, 'DM003', NULL, 'Aria Patel', '909192939V', '124/78', 70, '55.2', '139/85', 76, '57.9', '2025-03-21', 'HEMODIALYSIS', '13:00:00.000000', 'COMPLETED', 36.5, NULL, '2025-10-15 14:10:58.000000'),
('DS20250324010', '12:00:00.000000', '08:00:00.000000', NULL, 'PRESENT', 252, '2025-10-15 14:10:58.000000', 500, 'CENTRAL_CATHETER', '4h 00m', '12:00:00.000000', '3.7L', NULL, 'DM004', NULL, 'Gabriel Santos', '949596979V', '155/100', 83, '82.4', '175/110', 90, '86.1', '2025-03-24', 'HEMODIALYSIS', '08:00:00.000000', 'COMPLETED', 37, NULL, '2025-10-15 14:10:58.000000'),
('DS20250401001', '12:00:00.000000', '08:00:00.000000', NULL, 'PRESENT', 300, '2025-10-15 14:09:17.000000', 500, 'AV_FISTULA', '4h 00m', '12:00:00.000000', '3.3L', NULL, 'DM001', NULL, 'Ryan O\'Connor', '456123789V', '135/87', 75, '71.3', '152/94', 81, '74.6', '2025-04-02', 'HEMODIALYSIS', '08:00:00.000000', 'COMPLETED', 36.7, NULL, '2025-10-15 14:09:17.000000'),
('DS20250402002', '17:00:00.000000', '13:00:00.000000', NULL, 'PRESENT', 278, '2025-10-15 14:09:17.000000', 500, 'AV_FISTULA', '4h 00m', '17:00:00.000000', '2.7L', NULL, 'DM002', NULL, 'Grace Kim', '789456123V', '120/76', 71, '54.2', '135/83', 77, '56.9', '2025-04-04', 'HEMODIALYSIS', '13:00:00.000000', 'COMPLETED', 36.5, NULL, '2025-10-15 14:09:17.000000'),
('DS20250404003', '12:03:00.000000', '08:07:00.000000', NULL, 'PRESENT', 250, '2025-10-15 14:09:17.000000', 500, 'CENTRAL_CATHETER', '4h 00m', '12:00:00.000000', '3.9L', NULL, 'DM003', NULL, 'Hassan Ibrahim', '147258369V', '155/100', 83, '79.2', '175/110', 90, '83.1', '2025-04-07', 'HEMODIALYSIS', '08:00:00.000000', 'COMPLETED', 37, NULL, '2025-10-15 14:09:17.000000'),
('DS20250407004', '17:02:00.000000', '13:05:00.000000', NULL, 'PRESENT', 292, '2025-10-15 14:09:17.000000', 500, 'AV_FISTULA', '4h 00m', '17:00:00.000000', '2.7L', NULL, 'DM004', NULL, 'Laura Santos', '369258147V', '134/84', 73, '64.7', '149/91', 79, '67.4', '2025-04-09', 'HEMODIALYSIS', '13:00:00.000000', 'COMPLETED', 36.6, NULL, '2025-10-15 14:09:17.000000'),
('DS20250409005', '12:05:00.000000', '08:10:00.000000', NULL, 'LATE', 310, '2025-10-15 14:09:17.000000', 500, 'AV_GRAFT', '4h 00m', '12:00:00.000000', '3.6L', NULL, 'DM005', NULL, 'Peter Schmidt', '741852963V', '145/91', 78, '75.1', '165/101', 85, '78.7', '2025-04-11', 'HEMODIALYSIS', '08:00:00.000000', 'COMPLETED', 36.8, NULL, '2025-10-15 14:09:17.000000'),
('DS2025041003', '12:00:00.000000', '08:00:00.000000', NULL, 'PRESENT', 365, '2025-10-15 14:16:48.000000', 500, 'AV_GRAFT', '4h 00m', '12:00:00.000000', '3.8L', NULL, 'DM001', NULL, 'Ahmed Hassan', '100001003V', '127/77', 71, '75.6', '152/92', 79, '79.4', '2025-04-03', 'HEMODIALYSIS', '08:00:00.000000', 'COMPLETED', 36.6, NULL, '2025-10-15 14:16:48.000000'),
('DS2025041004', '17:00:00.000000', '13:00:00.000000', NULL, 'PRESENT', 360, '2025-10-15 14:16:48.000000', 500, 'AV_FISTULA', '4h 00m', '17:00:00.000000', '3.7L', NULL, 'DM001', NULL, 'Sarah Johnson', '100001004V', '113/73', 66, '56.5', '133/83', 74, '60.2', '2025-04-04', 'HEMODIALYSIS', '13:00:00.000000', 'COMPLETED', 36.4, NULL, '2025-10-15 14:16:48.000000'),
('DS20250414006', '17:00:00.000000', '13:00:00.000000', NULL, 'PRESENT', 290, '2025-10-15 14:10:58.000000', 500, 'AV_FISTULA', '4h 00m', '17:00:00.000000', '2.7L', NULL, 'DM005', NULL, 'Valentina Kim', '989900010V', '133/84', 74, '63.0', '148/91', 80, '65.7', '2025-04-14', 'HEMODIALYSIS', '13:00:00.000000', 'COMPLETED', 36.6, NULL, '2025-10-15 14:10:58.000000'),
('DS20250415012', '17:00:00.000000', '13:00:00.000000', NULL, 'PRESENT', 0, '2025-10-15 14:10:58.000000', 300, 'PERITONEAL', '4h 00m', '17:00:00.000000', '2.7L', NULL, 'DM007', NULL, 'Elena Popov', '828384858V', '123/77', 70, '56.2', '138/84', 76, '58.9', '2025-04-15', 'PERITONEAL_DIALYSIS', '13:00:00.000000', 'COMPLETED', 36.5, NULL, '2025-10-15 14:10:58.000000'),
('DS20250416007', '12:05:00.000000', '08:08:00.000000', NULL, 'LATE', 298, '2025-10-15 14:10:58.000000', 500, 'AV_FISTULA', '4h 00m', '12:00:00.000000', '3.7L', NULL, 'DM006', NULL, 'Oliver Thompson', '102030405V', '144/91', 78, '73.6', '164/101', 85, '77.3', '2025-04-16', 'HEMODIALYSIS', '08:00:00.000000', 'COMPLETED', 36.8, NULL, '2025-10-15 14:10:58.000000'),
('DS20250416014', '23:59:59.000000', '00:00:00.000000', NULL, 'PRESENT', 150, '2025-10-15 14:10:58.000000', 400, 'CENTRAL_CATHETER', '24h 00m', '23:59:59.000000', '4.5L', NULL, 'DM008', NULL, 'James Wilson', '909192939V', '160/105', 88, '84.2', '180/115', 95, '88.7', '2025-04-16', 'CONTINUOUS_RENAL_REPLACEMENT', '00:00:00.000000', 'COMPLETED', 37.2, NULL, '2025-10-15 14:10:58.000000'),
('DS20250418008', '17:00:00.000000', '13:00:00.000000', NULL, 'PRESENT', 285, '2025-10-15 14:10:58.000000', 500, 'AV_FISTULA', '4h 00m', '17:00:00.000000', '2.7L', NULL, 'DM007', NULL, 'Luna Martinez', '506070809V', '128/81', 72, '58.6', '143/88', 78, '61.3', '2025-04-18', 'HEMODIALYSIS', '13:00:00.000000', 'COMPLETED', 36.6, NULL, '2025-10-15 14:10:58.000000'),
('DS2025041803', '20:35:00.000000', '16:45:00.000000', NULL, 'LATE', 225, '2025-10-15 14:16:48.000000', 500, 'CENTRAL_CATHETER', '4h 00m', '20:00:00.000000', '2.1L', NULL, 'DM008', NULL, 'Maintenance Issue B', '100008004V', '127/80', 70, '65.1', '147/90', 76, '67.2', '2025-04-20', 'HEMODIALYSIS', '16:00:00.000000', 'COMPLETED', 36.5, NULL, '2025-10-15 14:16:48.000000'),
('DS20250421009', '12:00:00.000000', '08:00:00.000000', NULL, 'PRESENT', 255, '2025-10-15 14:10:58.000000', 500, 'CENTRAL_CATHETER', '4h 00m', '12:00:00.000000', '3.7L', NULL, 'DM001', NULL, 'Caleb Wong', '101112131V', '151/96', 81, '79.1', '171/106', 88, '82.8', '2025-04-21', 'HEMODIALYSIS', '08:00:00.000000', 'COMPLETED', 36.9, NULL, '2025-10-15 14:10:58.000000'),
('DS20250423010', '17:00:00.000000', '13:00:00.000000', NULL, 'PRESENT', 278, '2025-10-15 14:10:58.000000', 500, 'AV_FISTULA', '4h 00m', '17:00:00.000000', '2.7L', NULL, 'DM002', NULL, 'Sophia Chen', '141516171V', '126/79', 71, '56.4', '141/86', 77, '59.1', '2025-04-23', 'HEMODIALYSIS', '13:00:00.000000', 'COMPLETED', 36.5, NULL, '2025-10-15 14:10:58.000000'),
('DS20250501001', '12:00:00.000000', '08:02:00.000000', NULL, 'PRESENT', 285, '2025-10-15 14:09:17.000000', 500, 'AV_FISTULA', '4h 00m', '12:00:00.000000', '2.7L', NULL, 'DM001', NULL, 'Olivia Johnson', '852963741V', '129/82', 72, '61.1', '144/89', 78, '63.8', '2025-05-02', 'HEMODIALYSIS', '08:00:00.000000', 'COMPLETED', 36.6, NULL, '2025-10-15 14:09:17.000000'),
('DS20250502002', '17:00:00.000000', '13:00:00.000000', NULL, 'PRESENT', 315, '2025-10-15 14:09:17.000000', 500, 'AV_GRAFT', '4h 00m', '17:00:00.000000', '3.7L', NULL, 'DM002', NULL, 'Antonio Lopez', '159357486V', '149/94', 79, '76.2', '169/104', 86, '79.9', '2025-05-05', 'HEMODIALYSIS', '13:00:00.000000', 'COMPLETED', 36.9, NULL, '2025-10-15 14:09:17.000000'),
('DS20250505003', '12:00:00.000000', '08:00:00.000000', NULL, 'PRESENT', 280, '2025-10-15 14:09:17.000000', 500, 'AV_FISTULA', '4h 00m', '12:00:00.000000', '2.7L', NULL, 'DM003', NULL, 'Rachel Green', '486159357V', '125/79', 70, '55.6', '140/86', 76, '58.3', '2025-05-07', 'HEMODIALYSIS', '08:00:00.000000', 'COMPLETED', 36.5, NULL, '2025-10-15 14:09:17.000000'),
('DS20250507004', '17:05:00.000000', '13:08:00.000000', NULL, 'LATE', 248, '2025-10-15 14:09:17.000000', 500, 'CENTRAL_CATHETER', '4h 00m', '17:00:00.000000', '3.9L', NULL, 'DM004', NULL, 'William Park', '753951456V', '153/98', 81, '81.3', '173/108', 88, '85.2', '2025-05-09', 'HEMODIALYSIS', '13:00:00.000000', 'COMPLETED', 37, NULL, '2025-10-15 14:09:17.000000'),
('DS20250509005', '12:00:00.000000', '08:03:00.000000', NULL, 'PRESENT', 295, '2025-10-15 14:09:17.000000', 500, 'AV_FISTULA', '4h 00m', '12:00:00.000000', '2.7L', NULL, 'DM005', NULL, 'Nadia Patel', '456753951V', '136/86', 74, '66.4', '151/93', 80, '69.1', '2025-05-12', 'HEMODIALYSIS', '08:00:00.000000', 'COMPLETED', 36.7, NULL, '2025-10-15 14:09:17.000000'),
('DS2025051003', '12:00:00.000000', '08:00:00.000000', NULL, 'PRESENT', 372, '2025-10-15 14:16:48.000000', 500, 'AV_GRAFT', '4h 00m', '12:00:00.000000', '3.9L', NULL, 'DM001', NULL, 'Ahmed Hassan', '100001003V', '126/76', 70, '75.8', '151/91', 78, '79.7', '2025-05-03', 'HEMODIALYSIS', '08:00:00.000000', 'COMPLETED', 36.6, NULL, '2025-10-15 14:16:48.000000'),
('DS20250514006', '12:00:00.000000', '08:00:00.000000', NULL, 'PRESENT', 295, '2025-10-15 14:10:58.000000', 500, 'AV_FISTULA', '4h 00m', '12:00:00.000000', '3.7L', NULL, 'DM003', NULL, 'Felix Anderson', '181920212V', '139/87', 76, '70.4', '159/97', 83, '74.1', '2025-05-14', 'HEMODIALYSIS', '08:00:00.000000', 'COMPLETED', 36.7, NULL, '2025-10-15 14:10:58.000000'),
('DS20250515013', '12:00:00.000000', '08:00:00.000000', NULL, 'PRESENT', 0, '2025-10-15 14:10:58.000000', 300, 'PERITONEAL', '4h 00m', '12:00:00.000000', '2.7L', NULL, 'DM007', NULL, 'Marcus Brown', '868788899V', '136/84', 74, '72.5', '156/94', 80, '75.2', '2025-05-15', 'PERITONEAL_DIALYSIS', '08:00:00.000000', 'COMPLETED', 36.7, NULL, '2025-10-15 14:10:58.000000'),
('DS20250516007', '17:08:00.000000', '13:12:00.000000', NULL, 'LATE', 283, '2025-10-15 14:10:58.000000', 500, 'AV_FISTULA', '4h 00m', '17:00:00.000000', '2.7L', NULL, 'DM004', NULL, 'Zara Ali', '222324252V', '130/82', 73, '60.9', '145/89', 79, '63.6', '2025-05-16', 'HEMODIALYSIS', '13:00:00.000000', 'COMPLETED', 36.6, NULL, '2025-10-15 14:10:58.000000'),
('DS20250519008', '12:00:00.000000', '08:00:00.000000', NULL, 'PRESENT', 248, '2025-10-15 14:10:58.000000', 500, 'CENTRAL_CATHETER', '4h 00m', '12:00:00.000000', '3.7L', NULL, 'DM005', NULL, 'Mason Lee', '262728293V', '156/102', 84, '83.6', '176/112', 91, '87.3', '2025-05-19', 'HEMODIALYSIS', '08:00:00.000000', 'COMPLETED', 37.1, NULL, '2025-10-15 14:10:58.000000'),
('DS20250521009', '17:00:00.000000', '13:00:00.000000', NULL, 'PRESENT', 275, '2025-10-15 14:10:58.000000', 500, 'AV_FISTULA', '4h 00m', '17:00:00.000000', '2.7L', NULL, 'DM006', NULL, 'Ivy Zhang', '303132333V', '125/80', 71, '55.7', '140/87', 77, '58.4', '2025-05-21', 'HEMODIALYSIS', '13:00:00.000000', 'COMPLETED', 36.5, NULL, '2025-10-15 14:10:58.000000'),
('DS20250523010', '12:02:00.000000', '08:05:00.000000', NULL, 'PRESENT', 312, '2025-10-15 14:10:58.000000', 500, 'AV_GRAFT', '4h 00m', '12:00:00.000000', '3.7L', NULL, 'DM007', NULL, 'Adrian Kowalski', '343536373V', '147/93', 79, '75.5', '167/103', 86, '79.2', '2025-05-23', 'HEMODIALYSIS', '08:00:00.000000', 'COMPLETED', 36.8, NULL, '2025-10-15 14:10:58.000000'),
('DS20250601001', '12:00:00.000000', '08:00:00.000000', NULL, 'PRESENT', 298, '2025-10-15 14:09:17.000000', 500, 'AV_FISTULA', '4h 00m', '12:00:00.000000', '3.3L', NULL, 'DM001', NULL, 'Benjamin White', '951753486V', '140/89', 76, '74.1', '158/96', 82, '77.4', '2025-06-02', 'HEMODIALYSIS', '08:00:00.000000', 'COMPLETED', 36.8, NULL, '2025-10-15 14:09:17.000000'),
('DS20250602002', '17:00:00.000000', '13:02:00.000000', NULL, 'PRESENT', 287, '2025-10-15 14:09:17.000000', 500, 'AV_FISTULA', '4h 00m', '17:00:00.000000', '2.7L', NULL, 'DM002', NULL, 'Maya Singh', '357486159V', '131/83', 73, '59.0', '146/90', 79, '61.7', '2025-06-04', 'HEMODIALYSIS', '13:00:00.000000', 'COMPLETED', 36.6, NULL, '2025-10-15 14:09:17.000000'),
('DS20250604003', '12:02:00.000000', '08:05:00.000000', NULL, 'PRESENT', 252, '2025-10-15 14:09:17.000000', 500, 'CENTRAL_CATHETER', '4h 00m', '12:00:00.000000', '3.7L', NULL, 'DM003', NULL, 'Alex Turner', '159486357V', '151/96', 80, '78.9', '171/106', 87, '82.6', '2025-06-06', 'HEMODIALYSIS', '08:00:00.000000', 'COMPLETED', 36.9, NULL, '2025-10-15 14:09:17.000000'),
('DS20250606004', '17:00:00.000000', '13:00:00.000000', NULL, 'PRESENT', 272, '2025-10-15 14:09:17.000000', 500, 'AV_FISTULA', '4h 00m', '17:00:00.000000', '2.7L', NULL, 'DM004', NULL, 'Elena Rossi', '486357159V', '122/77', 69, '53.2', '137/84', 75, '55.9', '2025-06-09', 'HEMODIALYSIS', '13:00:00.000000', 'COMPLETED', 36.4, NULL, '2025-10-15 14:09:17.000000'),
('DS20250609005', '12:08:00.000000', '08:12:00.000000', NULL, 'LATE', 245, '2025-10-15 14:09:17.000000', 500, 'CENTRAL_CATHETER', '4h 00m', '12:00:00.000000', '4.2L', NULL, 'DM005', NULL, 'Omar Hassan', '753486159V', '156/102', 84, '82.1', '176/112', 91, '86.3', '2025-06-11', 'HEMODIALYSIS', '08:00:00.000000', 'COMPLETED', 37.1, NULL, '2025-10-15 14:09:17.000000'),
('DS2025061002', '12:00:00.000000', '08:00:00.000000', NULL, 'PRESENT', 376, '2025-10-15 14:16:48.000000', 500, 'AV_FISTULA', '4h 00m', '12:00:00.000000', '3.8L', NULL, 'DM001', NULL, 'Maria Garcia', '100001002V', '121/77', 69, '63.3', '141/87', 77, '67.1', '2025-06-04', 'HEMODIALYSIS', '08:00:00.000000', 'COMPLETED', 36.5, NULL, '2025-10-15 14:16:48.000000'),
('DS20250614006', '12:00:00.000000', '08:00:00.000000', NULL, 'PRESENT', 290, '2025-10-15 14:10:58.000000', 500, 'AV_FISTULA', '4h 00m', '12:00:00.000000', '3.7L', NULL, 'DM001', NULL, 'Harper Wilson', '383940414V', '134/85', 74, '68.1', '154/95', 81, '71.8', '2025-06-14', 'HEMODIALYSIS', '08:00:00.000000', 'COMPLETED', 36.7, NULL, '2025-10-15 14:10:58.000000'),
('DS20250618007', '17:00:00.000000', '13:00:00.000000', NULL, 'PRESENT', 288, '2025-10-15 14:10:58.000000', 500, 'AV_FISTULA', '4h 00m', '17:00:00.000000', '2.7L', NULL, 'DM002', NULL, 'Leo Martinez', '424344454V', '134/85', 74, '64.2', '149/92', 80, '66.9', '2025-06-18', 'HEMODIALYSIS', '13:00:00.000000', 'COMPLETED', 36.6, NULL, '2025-10-15 14:10:58.000000'),
('DS20250701001', '12:00:00.000000', '08:00:00.000000', NULL, 'PRESENT', 290, '2025-10-15 14:09:17.000000', 500, 'AV_FISTULA', '4h 00m', '12:00:00.000000', '2.7L', NULL, 'DM001', NULL, 'Chloe Davis', '258741963V', '132/84', 73, '62.7', '147/91', 79, '65.4', '2025-07-02', 'HEMODIALYSIS', '08:00:00.000000', 'COMPLETED', 36.6, NULL, '2025-10-15 14:09:17.000000'),
('DS20250702002', '17:00:00.000000', '13:00:00.000000', NULL, 'PRESENT', 312, '2025-10-15 14:09:17.000000', 500, 'AV_GRAFT', '4h 00m', '17:00:00.000000', '3.7L', NULL, 'DM002', NULL, 'Diego Morales', '741963258V', '147/93', 78, '76.8', '167/103', 85, '80.5', '2025-07-04', 'HEMODIALYSIS', '13:00:00.000000', 'COMPLETED', 36.8, NULL, '2025-10-15 14:09:17.000000'),
('DS20250704003', '12:00:00.000000', '08:03:00.000000', NULL, 'PRESENT', 282, '2025-10-15 14:09:17.000000', 500, 'AV_FISTULA', '4h 00m', '12:00:00.000000', '2.7L', NULL, 'DM003', NULL, 'Zoe Mitchell', '963258741V', '127/80', 71, '57.1', '142/87', 77, '59.8', '2025-07-07', 'HEMODIALYSIS', '08:00:00.000000', 'COMPLETED', 36.5, NULL, '2025-10-15 14:09:17.000000'),
('DS20250707004', '17:07:00.000000', '13:10:00.000000', NULL, 'LATE', 302, '2025-10-15 14:09:17.000000', 500, 'AV_FISTULA', '4h 00m', '17:00:00.000000', '3.7L', NULL, 'DM004', NULL, 'Nathan Bell', '852741963V', '141/89', 76, '70.2', '161/99', 83, '73.9', '2025-07-09', 'HEMODIALYSIS', '13:00:00.000000', 'COMPLETED', 36.7, NULL, '2025-10-15 14:09:17.000000'),
('DS20250709005', '12:00:00.000000', '08:00:00.000000', NULL, 'PRESENT', 293, '2025-10-15 14:09:17.000000', 500, 'AV_FISTULA', '4h 00m', '12:00:00.000000', '2.7L', NULL, 'DM005', NULL, 'Amira Khan', '741852369V', '134/85', 74, '65.1', '149/92', 80, '67.8', '2025-07-11', 'HEMODIALYSIS', '08:00:00.000000', 'COMPLETED', 36.6, NULL, '2025-10-15 14:09:17.000000'),
('DS2025071002', '17:00:00.000000', '13:00:00.000000', NULL, 'PRESENT', 382, '2025-10-15 14:16:48.000000', 500, 'AV_FISTULA', '4h 00m', '17:00:00.000000', '3.9L', NULL, 'DM001', NULL, 'Maria Garcia', '100001002V', '120/76', 68, '63.5', '140/86', 76, '67.4', '2025-07-02', 'HEMODIALYSIS', '13:00:00.000000', 'COMPLETED', 36.5, NULL, '2025-10-15 14:16:48.000000'),
('DS20250714008', '12:00:00.000000', '08:00:00.000000', NULL, 'PRESENT', 255, '2025-10-15 14:10:58.000000', 500, 'CENTRAL_CATHETER', '4h 00m', '12:00:00.000000', '3.7L', NULL, 'DM003', NULL, 'Avery Chen', '464748495V', '152/97', 81, '79.7', '172/107', 88, '83.4', '2025-07-14', 'HEMODIALYSIS', '08:00:00.000000', 'COMPLETED', 36.9, NULL, '2025-10-15 14:10:58.000000'),
('DS20250716015', '23:59:59.000000', '00:00:00.000000', NULL, 'PRESENT', 140, '2025-10-15 14:10:58.000000', 400, 'CENTRAL_CATHETER', '24h 00m', '23:59:59.000000', '4.8L', NULL, 'DM008', NULL, 'Critical Patient A', '949596979V', '165/110', 91, '87.3', '185/120', 98, '92.1', '2025-07-16', 'CONTINUOUS_RENAL_REPLACEMENT', '00:00:00.000000', 'COMPLETED', 37.4, NULL, '2025-10-15 14:10:58.000000'),
('DS20250718009', '17:00:00.000000', '13:00:00.000000', NULL, 'PRESENT', 282, '2025-10-15 14:10:58.000000', 500, 'AV_FISTULA', '4h 00m', '17:00:00.000000', '2.7L', NULL, 'DM004', NULL, 'Luna Taylor', '505152535V', '127/80', 72, '58.0', '142/87', 78, '60.7', '2025-07-18', 'HEMODIALYSIS', '13:00:00.000000', 'COMPLETED', 36.6, NULL, '2025-10-15 14:10:58.000000'),
('DS20250801001', '12:00:00.000000', '08:02:00.000000', NULL, 'PRESENT', 305, '2025-10-15 14:09:17.000000', 500, 'AV_FISTULA', '4h 00m', '12:00:00.000000', '3.7L', NULL, 'DM001', NULL, 'Lucas Cooper', '369741852V', '139/87', 75, '72.5', '159/97', 82, '76.2', '2025-08-01', 'HEMODIALYSIS', '08:00:00.000000', 'COMPLETED', 36.7, NULL, '2025-10-15 14:09:17.000000'),
('DS20250801002', '17:00:00.000000', '13:00:00.000000', NULL, 'PRESENT', 285, '2025-10-15 14:09:17.000000', 500, 'AV_FISTULA', '4h 00m', '17:00:00.000000', '2.7L', NULL, 'DM002', NULL, 'Priya Sharma', '852369741V', '130/81', 72, '59.6', '145/88', 78, '62.3', '2025-08-02', 'HEMODIALYSIS', '13:00:00.000000', 'COMPLETED', 36.6, NULL, '2025-10-15 14:09:17.000000'),
('DS20250802003', '12:00:00.000000', '08:00:00.000000', NULL, 'PRESENT', 248, '2025-10-15 14:09:17.000000', 500, 'CENTRAL_CATHETER', '4h 00m', '12:00:00.000000', '3.9L', NULL, 'DM003', NULL, 'Jason Wang', '741369852V', '154/99', 82, '80.2', '174/109', 89, '84.1', '2025-08-05', 'HEMODIALYSIS', '08:00:00.000000', 'COMPLETED', 37, NULL, '2025-10-15 14:09:17.000000'),
('DS20250805004', '17:02:00.000000', '13:05:00.000000', NULL, 'PRESENT', 275, '2025-10-15 14:09:17.000000', 500, 'AV_FISTULA', '4h 00m', '17:00:00.000000', '2.7L', NULL, 'DM004', NULL, 'Mia Rodriguez', '963741852V', '124/78', 70, '55.4', '139/85', 76, '58.1', '2025-08-07', 'HEMODIALYSIS', '13:00:00.000000', 'COMPLETED', 36.5, NULL, '2025-10-15 14:09:17.000000'),
('DS20250807005', '12:05:00.000000', '08:08:00.000000', NULL, 'LATE', 308, '2025-10-15 14:09:17.000000', 500, 'AV_GRAFT', '4h 00m', '12:00:00.000000', '3.7L', NULL, 'DM005', NULL, 'Gabriel Silva', '147852963V', '146/92', 79, '75.9', '166/102', 86, '79.6', '2025-08-09', 'HEMODIALYSIS', '08:00:00.000000', 'COMPLETED', 36.8, NULL, '2025-10-15 14:09:17.000000'),
('DS2025081002', '12:00:00.000000', '08:00:00.000000', NULL, 'PRESENT', 387, '2025-10-15 14:16:48.000000', 500, 'AV_FISTULA', '4h 00m', '12:00:00.000000', '4.1L', NULL, 'DM001', NULL, 'Maria Garcia', '100001002V', '119/75', 67, '63.7', '139/85', 75, '67.8', '2025-08-02', 'HEMODIALYSIS', '08:00:00.000000', 'COMPLETED', 36.4, NULL, '2025-10-15 14:16:48.000000'),
('DS20250814010', '12:00:00.000000', '08:00:00.000000', NULL, 'PRESENT', 302, '2025-10-15 14:10:58.000000', 500, 'AV_FISTULA', '4h 00m', '12:00:00.000000', '3.7L', NULL, 'DM005', NULL, 'Jackson Reed', '545556575V', '143/90', 77, '74.9', '163/100', 84, '78.6', '2025-08-14', 'HEMODIALYSIS', '08:00:00.000000', 'COMPLETED', 36.8, NULL, '2025-10-15 14:10:58.000000'),
('DS20250818011', '17:00:00.000000', '13:00:00.000000', NULL, 'PRESENT', 287, '2025-10-15 14:10:58.000000', 500, 'AV_FISTULA', '4h 00m', '17:00:00.000000', '2.7L', NULL, 'DM006', NULL, 'Valentina Rossi', '585960616V', '131/83', 73, '59.7', '146/90', 79, '62.4', '2025-08-18', 'HEMODIALYSIS', '13:00:00.000000', 'COMPLETED', 36.6, NULL, '2025-10-15 14:10:58.000000'),
('DS20250901001', '12:00:00.000000', '08:00:00.000000', NULL, 'PRESENT', 288, '2025-10-15 14:09:17.000000', 500, 'AV_FISTULA', '4h 00m', '12:00:00.000000', '2.7L', NULL, 'DM001', NULL, 'Sophia Clark', '258963147V', '133/83', 73, '64.2', '148/90', 79, '66.9', '2025-09-02', 'HEMODIALYSIS', '08:00:00.000000', 'COMPLETED', 36.6, NULL, '2025-10-15 14:09:17.000000'),
('DS20250902002', '17:00:00.000000', '13:00:00.000000', NULL, 'PRESENT', 315, '2025-10-15 14:09:17.000000', 500, 'AV_GRAFT', '4h 00m', '17:00:00.000000', '3.8L', NULL, 'DM002', NULL, 'Ethan Murphy', '741147258V', '150/95', 80, '77.9', '170/105', 87, '81.7', '2025-09-04', 'HEMODIALYSIS', '13:00:00.000000', 'COMPLETED', 36.9, NULL, '2025-10-15 14:09:17.000000'),
('DS20250904003', '12:02:00.000000', '08:04:00.000000', NULL, 'PRESENT', 280, '2025-10-15 14:09:17.000000', 500, 'AV_FISTULA', '4h 00m', '12:00:00.000000', '2.7L', NULL, 'DM003', NULL, 'Aria Thompson', '963147258V', '128/81', 71, '57.7', '143/88', 77, '60.4', '2025-09-06', 'HEMODIALYSIS', '08:00:00.000000', 'COMPLETED', 36.5, NULL, '2025-10-15 14:09:17.000000'),
('DS20250906004', '17:08:00.000000', '13:12:00.000000', NULL, 'LATE', 300, '2025-10-15 14:09:17.000000', 500, 'AV_FISTULA', '4h 00m', '17:00:00.000000', '3.7L', NULL, 'DM004', NULL, 'Ryan Foster', '147258741V', '143/90', 77, '71.6', '163/100', 84, '75.3', '2025-09-09', 'HEMODIALYSIS', '13:00:00.000000', 'COMPLETED', 36.8, NULL, '2025-10-15 14:09:17.000000'),
('DS20250909005', '12:00:00.000000', '08:00:00.000000', NULL, 'PRESENT', 287, '2025-10-15 14:09:17.000000', 500, 'AV_FISTULA', '4h 00m', '12:00:00.000000', '2.7L', NULL, 'DM005', NULL, 'Layla Ahmed', '852147963V', '131/82', 72, '60.8', '146/89', 78, '63.5', '2025-09-11', 'HEMODIALYSIS', '08:00:00.000000', 'COMPLETED', 36.6, NULL, '2025-10-15 14:09:17.000000'),
('DS2025091002', '12:00:00.000000', '08:00:00.000000', NULL, 'PRESENT', 374, '2025-10-15 14:16:48.000000', 500, 'AV_FISTULA', '4h 00m', '12:00:00.000000', '3.8L', NULL, 'DM001', NULL, 'Maria Garcia', '100001002V', '121/77', 68, '63.4', '141/87', 76, '67.2', '2025-09-04', 'HEMODIALYSIS', '08:00:00.000000', 'COMPLETED', 36.5, NULL, '2025-10-15 14:16:48.000000'),
('DS20251001001', '12:00:00.000000', '08:00:00.000000', NULL, 'PRESENT', 295, '2025-10-15 14:09:17.000000', 500, 'AV_FISTULA', '4h 00m', '12:00:00.000000', '3.7L', NULL, 'DM001', NULL, 'Jackson Reed', '741963258V', '140/88', 76, '74.7', '160/98', 83, '78.4', '2025-10-01', 'HEMODIALYSIS', '08:00:00.000000', 'COMPLETED', 36.7, NULL, '2025-10-15 14:09:17.000000'),
('DS20251001002', '17:00:00.000000', '13:00:00.000000', NULL, 'PRESENT', 278, '2025-10-15 14:09:17.000000', 500, 'AV_FISTULA', '4h 00m', '17:00:00.000000', '2.7L', NULL, 'DM002', NULL, 'Valentina Rossi', '258741369V', '126/79', 70, '56.5', '141/86', 76, '59.2', '2025-10-02', 'HEMODIALYSIS', '13:00:00.000000', 'COMPLETED', 36.5, NULL, '2025-10-15 14:09:17.000000'),
('DS20251002003', '12:03:00.000000', '08:06:00.000000', NULL, 'PRESENT', 250, '2025-10-15 14:09:17.000000', 500, 'CENTRAL_CATHETER', '4h 00m', '12:00:00.000000', '3.9L', NULL, 'DM003', NULL, 'Caleb Brooks', '369258741V', '155/100', 83, '81.9', '175/110', 90, '85.8', '2025-10-04', 'HEMODIALYSIS', '08:00:00.000000', 'COMPLETED', 37, NULL, '2025-10-15 14:09:17.000000'),
('DS20251004004', '17:00:00.000000', '13:00:00.000000', NULL, 'PRESENT', 290, '2025-10-15 14:09:17.000000', 500, 'AV_FISTULA', '4h 00m', '17:00:00.000000', '2.7L', NULL, 'DM004', NULL, 'Zara Ali', '852741369V', '132/84', 73, '62.0', '147/91', 79, '64.7', '2025-10-07', 'HEMODIALYSIS', '13:00:00.000000', 'COMPLETED', 36.6, NULL, '2025-10-15 14:09:17.000000'),
('DS20251007005', '12:10:00.000000', '08:15:00.000000', NULL, 'LATE', 310, '2025-10-15 14:09:17.000000', 500, 'AV_GRAFT', '4h 00m', '12:00:00.000000', '3.7L', NULL, 'DM005', NULL, 'Noah Kim', '741258369V', '148/94', 81, '78.5', '168/104', 88, '82.2', '2025-10-09', 'HEMODIALYSIS', '08:00:00.000000', 'COMPLETED', 36.9, NULL, '2025-10-15 14:09:17.000000'),
('DS2025101003', '17:00:00.000000', '13:00:00.000000', NULL, 'PRESENT', 370, '2025-10-15 14:16:48.000000', 500, 'AV_GRAFT', '4h 00m', '17:00:00.000000', '3.8L', NULL, 'DM001', NULL, 'Ahmed Hassan', '100001003V', '125/75', 70, '76.0', '150/90', 78, '79.8', '2025-10-03', 'HEMODIALYSIS', '13:00:00.000000', 'COMPLETED', 36.6, NULL, '2025-10-15 14:16:48.000000'),
('DS20251101001', '12:00:00.000000', '08:02:00.000000', NULL, 'PRESENT', 285, '2025-10-15 14:09:17.000000', 500, 'AV_FISTULA', '4h 00m', '12:00:00.000000', '2.7L', NULL, 'DM001', NULL, 'Harper Wilson', '963741258V', '134/85', 74, '64.4', '149/92', 80, '67.1', '2025-11-01', 'HEMODIALYSIS', '08:00:00.000000', 'COMPLETED', 36.6, NULL, '2025-10-15 14:09:17.000000'),
('DS20251101002', '17:00:00.000000', '13:00:00.000000', NULL, 'PRESENT', 302, '2025-10-15 14:09:17.000000', 500, 'AV_FISTULA', '4h 00m', '17:00:00.000000', '3.7L', NULL, 'DM002', NULL, 'Leo Martinez', '147369258V', '144/91', 78, '74.1', '164/101', 85, '77.8', '2025-11-04', 'HEMODIALYSIS', '13:00:00.000000', 'COMPLETED', 36.8, NULL, '2025-10-15 14:09:17.000000'),
('DS20251104003', '12:00:00.000000', '08:00:00.000000', NULL, 'PRESENT', 283, '2025-10-15 14:09:17.000000', 500, 'AV_FISTULA', '4h 00m', '12:00:00.000000', '2.7L', NULL, 'DM003', NULL, 'Avery Chen', '258369741V', '129/82', 72, '59.1', '144/89', 78, '61.8', '2025-11-06', 'HEMODIALYSIS', '08:00:00.000000', 'COMPLETED', 36.6, NULL, '2025-10-15 14:09:17.000000'),
('DS20251106004', '17:05:00.000000', '13:07:00.000000', NULL, 'LATE', 270, '2025-10-15 14:09:17.000000', 500, 'AV_FISTULA', '4h 00m', '17:00:00.000000', '2.7L', NULL, 'DM004', NULL, 'Luna Taylor', '741369147V', '123/77', 69, '53.6', '138/84', 75, '56.3', '2025-11-08', 'HEMODIALYSIS', '13:00:00.000000', 'COMPLETED', 36.4, NULL, '2025-10-15 14:09:17.000000'),
('DS20251108005', '12:00:00.000000', '08:00:00.000000', NULL, 'PRESENT', 255, '2025-10-15 14:09:17.000000', 500, 'CENTRAL_CATHETER', '4h 00m', '12:00:00.000000', '3.7L', NULL, 'DM005', NULL, 'Felix Anderson', '369147258V', '152/97', 81, '80.2', '172/107', 88, '83.9', '2025-11-11', 'HEMODIALYSIS', '08:00:00.000000', 'COMPLETED', 36.9, NULL, '2025-10-15 14:09:17.000000'),
('DS2025111001', '12:00:00.000000', '08:00:00.000000', NULL, 'PRESENT', 367, '2025-10-15 14:16:48.000000', 500, 'AV_FISTULA', '4h 00m', '12:00:00.000000', '3.7L', NULL, 'DM001', NULL, 'John Smith', '100001001V', '113/73', 67, '70.5', '133/83', 75, '74.2', '2025-11-01', 'HEMODIALYSIS', '08:00:00.000000', 'COMPLETED', 36.4, NULL, '2025-10-15 14:16:48.000000'),
('DS20251201001', '12:00:00.000000', '08:00:00.000000', NULL, 'PRESENT', 292, '2025-10-15 14:09:17.000000', 500, 'AV_FISTULA', '4h 00m', '12:00:00.000000', '2.7L', NULL, 'DM001', NULL, 'Stella Garcia', '852963147V', '136/86', 75, '66.8', '151/93', 81, '69.5', '2025-12-02', 'HEMODIALYSIS', '08:00:00.000000', 'COMPLETED', 36.7, NULL, '2025-10-15 14:09:17.000000'),
('DS2025120102', '12:00:00.000000', '08:00:00.000000', NULL, 'PRESENT', 362, '2025-10-15 14:16:48.000000', 500, 'AV_FISTULA', '4h 00m', '12:00:00.000000', '3.7L', NULL, 'DM001', NULL, 'Maria Garcia', '100001002V', '122/78', 69, '63.2', '142/88', 77, '66.9', '2025-12-02', 'HEMODIALYSIS', '08:00:00.000000', 'COMPLETED', 36.6, NULL, '2025-10-15 14:16:48.000000'),
('DS20251202002', '17:00:00.000000', '13:00:00.000000', NULL, 'PRESENT', 308, '2025-10-15 14:09:17.000000', 500, 'AV_GRAFT', '4h 00m', '17:00:00.000000', '3.7L', NULL, 'DM002', NULL, 'Sebastian Lee', '147258963V', '147/93', 79, '76.4', '167/103', 86, '80.1', '2025-12-04', 'HEMODIALYSIS', '13:00:00.000000', 'COMPLETED', 36.8, NULL, '2025-10-15 14:09:17.000000'),
('DS20251204003', '12:02:00.000000', '08:05:00.000000', NULL, 'PRESENT', 275, '2025-10-15 14:09:17.000000', 500, 'AV_FISTULA', '4h 00m', '12:00:00.000000', '2.7L', NULL, 'DM003', NULL, 'Isla Thompson', '963147852V', '125/80', 71, '56.0', '140/87', 77, '58.7', '2025-12-06', 'HEMODIALYSIS', '08:00:00.000000', 'COMPLETED', 36.5, NULL, '2025-10-15 14:09:17.000000'),
('DS20251206004', '17:07:00.000000', '13:10:00.000000', NULL, 'LATE', 298, '2025-10-15 14:09:17.000000', 500, 'AV_FISTULA', '4h 00m', '17:00:00.000000', '3.7L', NULL, 'DM004', NULL, 'Adrian Patel', '258147963V', '142/89', 77, '70.9', '162/99', 84, '74.6', '2025-12-09', 'HEMODIALYSIS', '13:00:00.000000', 'COMPLETED', 36.7, NULL, '2025-10-15 14:09:17.000000'),
('DS20251209005', '12:00:00.000000', '08:00:00.000000', NULL, 'PRESENT', 288, '2025-10-15 14:09:17.000000', 500, 'AV_FISTULA', '4h 00m', '12:00:00.000000', '2.7L', NULL, 'DM005', NULL, 'Maya Kowalski', '741852147V', '133/83', 73, '62.5', '148/90', 79, '65.2', '2025-12-11', 'HEMODIALYSIS', '08:00:00.000000', 'COMPLETED', 36.6, NULL, '2025-10-15 14:09:17.000000'),
('DS20251215006', NULL, NULL, NULL, 'PENDING', 300, '2025-10-15 14:10:58.000000', 500, 'AV_FISTULA', NULL, '12:00:00.000000', NULL, NULL, 'DM001', NULL, 'Noah Kim', '626364656V', NULL, NULL, NULL, NULL, NULL, NULL, '2025-12-15', 'HEMODIALYSIS', '08:00:00.000000', 'SCHEDULED', NULL, NULL, '2025-10-15 14:10:58.000000'),
('DS20251218007', NULL, NULL, NULL, 'PENDING', 285, '2025-10-15 14:10:58.000000', 500, 'AV_FISTULA', NULL, '17:00:00.000000', NULL, NULL, 'DM002', NULL, 'Maya Kowalski', '666768697V', NULL, NULL, NULL, NULL, NULL, NULL, '2025-12-18', 'HEMODIALYSIS', '13:00:00.000000', 'SCHEDULED', NULL, NULL, '2025-10-15 14:10:58.000000'),
('DS20251220008', NULL, NULL, NULL, 'ABSENT', 250, '2025-10-15 14:10:58.000000', 500, 'CENTRAL_CATHETER', NULL, '12:00:00.000000', NULL, NULL, 'DM003', NULL, 'Felix Anderson', '707172737V', NULL, NULL, NULL, NULL, NULL, NULL, '2025-12-20', 'HEMODIALYSIS', '08:00:00.000000', 'CANCELLED', NULL, NULL, '2025-10-15 14:10:58.000000'),
('DS20251222009', NULL, NULL, NULL, 'ABSENT', 290, '2025-10-15 14:10:58.000000', 500, 'AV_FISTULA', NULL, '17:00:00.000000', NULL, NULL, 'DM004', NULL, 'Stella Garcia', '747576777V', NULL, NULL, NULL, NULL, NULL, NULL, '2025-12-22', 'HEMODIALYSIS', '13:00:00.000000', 'NO_SHOW', NULL, NULL, '2025-10-15 14:10:58.000000');

-- --------------------------------------------------------

--
-- Table structure for table `doctors`
--

DROP TABLE IF EXISTS `doctors`;
CREATE TABLE IF NOT EXISTS `doctors` (
  `employee_id` bigint NOT NULL,
  `doctor_name` varchar(255) DEFAULT NULL,
  `specialization` varchar(255) DEFAULT NULL,
  PRIMARY KEY (`employee_id`)
) ENGINE=InnoDB DEFAULT CHARSET=utf8mb4 COLLATE=utf8mb4_0900_ai_ci;

--
-- Dumping data for table `doctors`
--

INSERT INTO `doctors` (`employee_id`, `doctor_name`, `specialization`) VALUES
(1001, 'Dr. Samantha Perera', 'Nephrology'),
(1002, 'Dr. Rajesh Kumar', 'Internal Medicine'),
(1003, 'Dr. Nimal Fernando', 'Emergency Medicine'),
(1004, 'Dr. Priya Jayawardena', 'Nephrology'),
(1005, 'Dr. Arjuna Silva', 'Cardiology'),
(1006, 'Dr. Malini Dissanayake', 'Radiology'),
(1007, 'Dr. Kamal Wickramasinghe', 'Surgery'),
(1008, 'Dr. Chamini Rathnayake', 'Dialysis Specialist');

-- --------------------------------------------------------

--
-- Table structure for table `lab_requests`
--

DROP TABLE IF EXISTS `lab_requests`;
CREATE TABLE IF NOT EXISTS `lab_requests` (
  `id` bigint NOT NULL AUTO_INCREMENT,
  `bed_number` varchar(255) DEFAULT NULL,
  `created_at` datetime(6) DEFAULT NULL,
  `patient_name` varchar(255) NOT NULL,
  `patient_national_id` varchar(255) NOT NULL,
  `request_date` datetime(6) NOT NULL,
  `request_id` varchar(255) NOT NULL,
  `requested_by` varchar(255) NOT NULL,
  `status` enum('CANCELLED','COMPLETED','IN_PROGRESS','PENDING') NOT NULL,
  `updated_at` datetime(6) DEFAULT NULL,
  `ward_name` varchar(255) NOT NULL,
  `priority` varchar(255) DEFAULT NULL,
  PRIMARY KEY (`id`),
  UNIQUE KEY `UKtro35mtrh3qssxf7j594nndii` (`request_id`)
) ENGINE=InnoDB AUTO_INCREMENT=40 DEFAULT CHARSET=utf8mb4 COLLATE=utf8mb4_0900_ai_ci;

--
-- Dumping data for table `lab_requests`
--

INSERT INTO `lab_requests` (`id`, `bed_number`, `created_at`, `patient_name`, `patient_national_id`, `request_date`, `request_id`, `requested_by`, `status`, `updated_at`, `ward_name`, `priority`) VALUES
(33, '302', '2025-10-16 09:28:32.139084', 'Nimali Fernando', '198507891234', '2025-10-16 03:58:32.107000', 'LAB-1121072GO', 'Ward Staff', 'COMPLETED', '2025-10-16 09:30:37.910721', 'Ward 3', 'normal'),
(34, '302', '2025-10-16 09:28:44.296438', 'Nimali Fernando', '198507891234', '2025-10-16 03:58:44.268000', 'LAB-124268I48', 'Ward Staff', 'COMPLETED', '2025-10-16 09:30:39.083503', 'Ward 3', 'normal'),
(35, '302', '2025-10-16 09:38:51.969286', 'Nimali Fernando', '198507891234', '2025-10-16 04:08:51.938000', 'LAB-731937KXQ', 'Ward Staff', 'COMPLETED', '2025-10-16 09:51:51.071968', 'Ward 3', 'normal'),
(36, '001', '2025-10-16 09:39:07.733097', 'Kumari Wijesinghe', '197712345678', '2025-10-16 04:09:07.719000', 'LAB-747719QC6', 'Ward Staff', 'COMPLETED', '2025-10-16 09:39:36.690636', 'Ward 2', 'normal'),
(37, 'W2-14', '2025-10-16 09:55:56.405543', 'Dilshan Perera', '200156789012', '2025-10-16 04:25:56.362000', 'LAB-756362JAA', 'Ward Staff', 'IN_PROGRESS', '2025-10-16 09:56:03.516215', 'Ward 2', 'normal'),
(38, '001', '2025-10-16 09:58:42.082490', 'Kumari Wijesinghe', '197712345678', '2025-10-16 04:28:42.068000', 'LAB-922068VTR', 'Ward Staff', 'COMPLETED', '2025-10-16 10:45:06.067322', 'Ward 2', 'normal'),
(39, 'W2-14', '2025-10-16 10:53:35.756182', 'Dilshan Perera', '200156789012', '2025-10-16 05:23:35.710000', 'LAB-215710TNT', 'Ward Staff', 'IN_PROGRESS', '2025-10-16 10:53:44.605236', 'Ward 2', 'normal');

-- --------------------------------------------------------

--
-- Table structure for table `lab_results`
--

DROP TABLE IF EXISTS `lab_results`;
CREATE TABLE IF NOT EXISTS `lab_results` (
  `id` bigint NOT NULL AUTO_INCREMENT,
  `abnormal_flag` bit(1) DEFAULT NULL,
  `comments` text,
  `created_at` datetime(6) NOT NULL,
  `reference_range` varchar(255) DEFAULT NULL,
  `result_date` datetime(6) NOT NULL,
  `result_id` varchar(255) NOT NULL,
  `result_value` varchar(255) NOT NULL,
  `status` enum('CANCELLED','COMPLETED','IN_PROGRESS','PENDING','REJECTED','VERIFIED') NOT NULL,
  `technician_name` varchar(255) DEFAULT NULL,
  `unit_of_measure` varchar(255) DEFAULT NULL,
  `updated_at` datetime(6) DEFAULT NULL,
  `verified_by` varchar(255) DEFAULT NULL,
  `verified_date` datetime(6) DEFAULT NULL,
  `lab_test_id` bigint NOT NULL,
  PRIMARY KEY (`id`),
  UNIQUE KEY `UKoot454fj17w841f59dccbu377` (`result_id`),
  KEY `FKe60ngnp0gdnsjf50i3glst95f` (`lab_test_id`)
) ENGINE=InnoDB DEFAULT CHARSET=utf8mb4 COLLATE=utf8mb4_0900_ai_ci;

-- --------------------------------------------------------

--
-- Table structure for table `lab_tests`
--

DROP TABLE IF EXISTS `lab_tests`;
CREATE TABLE IF NOT EXISTS `lab_tests` (
  `id` bigint NOT NULL AUTO_INCREMENT,
  `category` varchar(255) NOT NULL,
  `test_id` varchar(255) NOT NULL,
  `test_name` varchar(255) NOT NULL,
  `urgent` bit(1) DEFAULT NULL,
  `lab_request_id` bigint DEFAULT NULL,
  PRIMARY KEY (`id`),
  KEY `FKffho87efax1n9ufusjbiaytfr` (`lab_request_id`)
) ENGINE=InnoDB AUTO_INCREMENT=67 DEFAULT CHARSET=utf8mb4 COLLATE=utf8mb4_0900_ai_ci;

--
-- Dumping data for table `lab_tests`
--

INSERT INTO `lab_tests` (`id`, `category`, `test_id`, `test_name`, `urgent`, `lab_request_id`) VALUES
(60, 'Hematology', 'CBC', 'Complete Blood Count', b'0', 33),
(61, 'Chemistry', 'GLUCOSE', 'Blood Glucose', b'1', 34),
(62, 'Hematology', 'CBC', 'Complete Blood Count', b'0', 35),
(63, 'Chemistry', 'CHOLESTEROL', 'Cholesterol Level', b'0', 36),
(64, 'Chemistry', 'CHOLESTEROL', 'Cholesterol Level', b'0', 37),
(65, 'Chemistry', 'GLUCOSE', 'Blood Glucose', b'1', 38),
(66, 'Chemistry', 'GLUCOSE', 'Blood Glucose', b'1', 39);

-- --------------------------------------------------------

--
-- Table structure for table `medications`
--

DROP TABLE IF EXISTS `medications`;
CREATE TABLE IF NOT EXISTS `medications` (
  `id` bigint NOT NULL AUTO_INCREMENT,
  `batch_number` varchar(100) NOT NULL,
  `category` varchar(100) NOT NULL,
  `created_at` datetime(6) DEFAULT NULL,
  `current_stock` int NOT NULL,
  `dosage_form` varchar(50) NOT NULL,
  `drug_name` varchar(255) NOT NULL,
  `expiry_date` date NOT NULL,
  `generic_name` varchar(255) NOT NULL,
  `is_active` bit(1) NOT NULL,
  `manufacturer` varchar(255) DEFAULT NULL,
  `maximum_stock` int NOT NULL,
  `minimum_stock` int NOT NULL,
  `strength` varchar(50) NOT NULL,
  `unit_cost` decimal(10,2) NOT NULL,
  `updated_at` datetime(6) DEFAULT NULL,
  PRIMARY KEY (`id`),
  UNIQUE KEY `uk_med_batch` (`batch_number`)
) ENGINE=InnoDB AUTO_INCREMENT=30 DEFAULT CHARSET=utf8mb4 COLLATE=utf8mb4_0900_ai_ci;

--
-- Dumping data for table `medications`
--

INSERT INTO `medications` (`id`, `batch_number`, `category`, `created_at`, `current_stock`, `dosage_form`, `drug_name`, `expiry_date`, `generic_name`, `is_active`, `manufacturer`, `maximum_stock`, `minimum_stock`, `strength`, `unit_cost`, `updated_at`) VALUES
(1, 'AMD5-2024-001', 'Antihypertensive', '2025-01-01 09:00:00.000000', 600, 'Tablet', 'Amlodipine', '2026-12-31', 'Amlodipine Besylate', b'1', 'Cipla Ltd', 1000, 50, '5mg', 2.50, '2025-10-14 23:30:36.555749'),
(2, 'FUR40-2024-002', 'Diuretic', '2025-01-01 09:00:00.000000', 240, 'Tablet', 'Furosemide', '2026-08-15', 'Furosemide', b'1', 'Ranbaxy Labs', 800, 30, '40mg', 1.75, '2025-10-14 15:52:02.177414'),
(3, 'INS100-2024-003', 'Antidiabetic', '2025-01-01 09:00:00.000000', 45, 'Injection', 'Insulin Regular', '2025-12-30', 'Human Insulin', b'1', 'Novo Nordisk', 100, 10, '100IU/ml', 45.00, '2025-09-20 16:20:00.000000'),
(4, 'EPO4000-2024-004', 'Hematopoietic', '2025-02-01 10:00:00.000000', 20, 'Injection', 'Erythropoietin', '2026-06-30', 'Epoetin Alpha', b'1', 'Roche', 50, 5, '4000IU', 125.00, '2025-10-08 10:34:17.575793'),
(5, 'CAL500-2024-005', 'Mineral Supplement', '2025-02-15 11:30:00.000000', 820, 'Tablet', 'Calcium Carbonate', '2027-01-31', 'Calcium Carbonate', b'1', 'GSK', 1500, 100, '500mg', 0.85, '2025-10-14 23:22:43.490949'),
(6, 'ATO20-2024-006', 'Lipid Lowering', '2025-03-01 08:45:00.000000', 540, 'Tablet', 'Atorvastatin', '2026-10-15', 'Atorvastatin Calcium', b'1', 'Pfizer', 1200, 75, '20mg', 3.25, '2025-10-14 14:43:53.048908'),
(7, 'LOS50-2024-007', 'ARB', '2025-03-15 14:20:00.000000', 550, 'Tablet', 'Losartan', '2026-09-20', 'Losartan Potassium', b'1', 'Merck & Co', 900, 60, '50mg', 2.80, '2025-10-14 23:14:16.812100'),
(8, 'PAR500-2024-008', 'Analgesic', '2025-04-01 07:30:00.000000', 1080, 'Tablet', 'Paracetamol', '2027-03-10', 'Acetaminophen', b'1', 'Johnson & Johnson', 2000, 150, '500mg', 0.25, '2025-10-14 10:39:33.439203'),
(9, 'OME20-2024-009', 'PPI', '2025-04-20 13:15:00.000000', 350, 'Capsule', 'Omeprazole', '2026-11-25', 'Omeprazole', b'1', 'AstraZeneca', 700, 40, '20mg', 1.95, '2025-09-14 16:45:00.000000'),
(10, 'MET500-2024-010', 'Antidiabetic', '2025-05-10 09:20:00.000000', 690, 'Tablet', 'Metformin', '2026-07-18', 'Metformin HCl', b'1', 'Bristol Myers', 1400, 80, '500mg', 1.20, '2025-10-14 14:53:44.788119'),
(11, 'WAR5-2024-011', 'Anticoagulant', '2025-05-25 11:45:00.000000', 110, 'Tablet', 'Warfarin', '2026-04-12', 'Warfarin Sodium', b'1', 'Abbott', 400, 25, '5mg', 4.50, '2025-10-14 14:35:42.276338'),
(12, 'CLO75-2024-012', 'Antiplatelet', '2025-06-08 15:30:00.000000', 150, 'Tablet', 'Clopidogrel', '2026-12-05', 'Clopidogrel Bisulfate', b'1', 'Sanofi', 350, 20, '75mg', 12.75, '2025-10-08 15:01:27.998339'),
(13, 'PRE5-2024-013', 'Corticosteroid', '2025-06-22 12:15:00.000000', 340, 'Tablet', 'Prednisolone', '2026-08-28', 'Prednisolone', b'1', 'Pfizer', 800, 50, '5mg', 0.95, '2025-10-14 21:05:02.490570'),
(14, 'CYC100-2024-014', 'Immunosuppressant', '2025-07-05 10:45:00.000000', 0, 'Capsule', 'Cyclosporine', '2026-05-15', 'Cyclosporine', b'1', 'Novartis', 120, 10, '100mg', 85.00, '2025-10-14 14:09:36.479825'),
(15, 'TAC1-2024-015', 'Immunosuppressant', '2025-07-18 14:30:00.000000', 10, 'Capsule', 'Tacrolimus', '2026-03-22', 'Tacrolimus', b'1', 'Astellas', 80, 8, '1mg', 95.50, '2025-10-14 10:18:22.170055'),
(16, '011111', 'diabetes', '2025-10-14 21:39:09.912084', 0, 'Capsule', 'Dilshan', '2027-06-14', 'praveen', b'1', 'antibiotic', 500, 100, '10mg', 70.00, '2025-10-14 21:39:09.912084'),
(17, '011111232', 'analgesics', '2025-10-14 21:59:16.887858', 0, 'Drops', 'Praveen', '2028-10-14', 'dilshan', b'1', 'lcdwv', 500, 30, '10mg', 10.00, '2025-10-14 21:59:16.887858'),
(18, '011111111', 'hormonal', '2025-10-14 22:10:47.551871', 550, 'Drops', 'sadun', '2027-06-14', 'praveen', b'1', 'antibiotic', 10000, 100, '10mg', 70.00, '2025-10-14 23:19:21.520110'),
(19, '1234', 'respiratory', '2025-10-14 22:15:19.698813', 600, 'Capsule', 'naveen', '2028-11-14', 'randima', b'1', 'antibiotic', 1000, 50, '10mg', 100.00, '2025-10-14 23:01:40.727932'),
(20, '12345', 'cardiovascular', '2025-10-15 00:17:29.397189', 200, 'Tablet', 'prabath', '2028-11-01', 'randima', b'1', 'antibiotic', 1000, 50, '10mg', 100.00, '2025-10-15 00:17:53.098347'),
(21, '123456', 'diabetes', '2025-10-15 00:18:45.693055', 100, 'Tablet', 'sajan', '2028-11-01', 'randima', b'1', 'antibiotic', 1000, 50, '10mg', 100.00, '2025-10-15 00:18:45.693055'),
(22, '1234567', 'diabetes', '2025-10-15 00:19:20.934630', 100, 'Tablet', 'dineth', '2025-12-06', 'randima', b'1', 'antibiotic', 1000, 50, '10mg', 100.00, '2025-10-15 00:19:20.934630'),
(23, 'TEST-LOW-001', 'Analgesics', '2025-10-15 02:27:01.000000', 5, 'Tablet', 'Paracetamol Test Low', '2025-12-31', 'Acetaminophen', b'1', 'Test Pharma', 100, 20, '500mg', 0.50, '2025-10-15 02:27:01.000000'),
(24, 'TEST-LOW-002', 'NSAIDs', '2025-10-15 02:27:01.000000', 3, 'Tablet', 'Ibuprofen Test Low', '2025-11-30', 'Ibuprofen', b'1', 'Test Pharma', 80, 15, '400mg', 0.75, '2025-10-15 02:27:01.000000'),
(25, 'TEST-LOW-003', 'Antibiotics', '2025-10-15 02:27:01.000000', 8, 'Capsule', 'Amoxicillin Test Low', '2025-10-30', 'Amoxicillin', b'1', 'Test Pharma', 150, 25, '250mg', 2.50, '2025-10-15 02:27:01.000000'),
(26, 'TEST-CRITICAL-001', 'Analgesics', '2025-10-15 02:27:01.000000', 2, 'Tablet', 'Aspirin Test Critical', '2025-12-15', 'Acetylsalicylic Acid', b'1', 'Test Pharma', 200, 30, '75mg', 0.25, '2025-10-15 02:27:01.000000'),
(27, 'TEST-OUT-001', 'Antidiabetics', '2025-10-15 02:27:01.000000', 0, 'Tablet', 'Metformin Test Out', '2025-11-15', 'Metformin HCl', b'1', 'Test Pharma', 100, 20, '500mg', 1.20, '2025-10-15 02:27:01.000000'),
(28, 'TEST-MIN-ZERO-001', 'Vitamins', '2025-10-15 02:27:01.000000', 5, 'Tablet', 'Vitamin C Test', '2026-01-31', 'Ascorbic Acid', b'1', 'Test Pharma', 50, 0, '1000mg', 0.30, '2025-10-15 02:27:01.000000');

-- --------------------------------------------------------

--
-- Table structure for table `medicine_dispense_items`
--

DROP TABLE IF EXISTS `medicine_dispense_items`;
CREATE TABLE IF NOT EXISTS `medicine_dispense_items` (
  `id` bigint NOT NULL AUTO_INCREMENT,
  `created_at` datetime(6) DEFAULT NULL,
  `dispensed_quantity` int NOT NULL,
  `dosage_instructions` varchar(500) DEFAULT NULL,
  `item_status` enum('AVAILABLE','CANCELLED','DISPENSED','OUT_OF_STOCK','PARTIALLY_AVAILABLE','PENDING','SUBSTITUTED') NOT NULL,
  `pharmacy_notes` varchar(500) DEFAULT NULL,
  `requested_quantity` int NOT NULL,
  `substitution_reason` varchar(300) DEFAULT NULL,
  `total_price` decimal(10,2) DEFAULT NULL,
  `unit_price` decimal(10,2) DEFAULT NULL,
  `updated_at` datetime(6) DEFAULT NULL,
  `dispense_request_id` bigint NOT NULL,
  `medication_id` bigint NOT NULL,
  PRIMARY KEY (`id`),
  KEY `idx_dispense_item_request` (`dispense_request_id`),
  KEY `idx_dispense_item_medication` (`medication_id`),
  KEY `idx_dispense_item_status` (`item_status`)
) ENGINE=InnoDB DEFAULT CHARSET=utf8mb4 COLLATE=utf8mb4_0900_ai_ci;

-- --------------------------------------------------------

--
-- Table structure for table `medicine_dispense_requests`
--

DROP TABLE IF EXISTS `medicine_dispense_requests`;
CREATE TABLE IF NOT EXISTS `medicine_dispense_requests` (
  `id` bigint NOT NULL AUTO_INCREMENT,
  `created_at` datetime(6) DEFAULT NULL,
  `delivered_at` datetime(6) DEFAULT NULL,
  `delivery_location` varchar(100) NOT NULL,
  `dispatched_at` datetime(6) DEFAULT NULL,
  `pharmacy_notes` varchar(500) DEFAULT NULL,
  `processed_at` datetime(6) DEFAULT NULL,
  `processed_by` varchar(100) DEFAULT NULL,
  `request_id` varchar(20) NOT NULL,
  `request_notes` varchar(500) DEFAULT NULL,
  `requested_by` varchar(100) NOT NULL,
  `status` enum('CANCELLED','DELIVERED','DISPATCHED','PARTIALLY_DISPENSED','PENDING','PREPARED','PROCESSING') NOT NULL,
  `updated_at` datetime(6) DEFAULT NULL,
  `urgency_level` enum('EMERGENCY','NORMAL','URGENT') NOT NULL,
  `ward_location` varchar(100) DEFAULT NULL,
  `prescription_id` bigint NOT NULL,
  PRIMARY KEY (`id`),
  UNIQUE KEY `UKrljc5upub59ev7ejl5me8d6ej` (`request_id`),
  KEY `idx_dispense_request_id` (`request_id`),
  KEY `idx_dispense_prescription` (`prescription_id`),
  KEY `idx_dispense_status` (`status`),
  KEY `idx_dispense_urgency` (`urgency_level`),
  KEY `idx_dispense_created` (`created_at`)
) ENGINE=InnoDB DEFAULT CHARSET=utf8mb4 COLLATE=utf8mb4_0900_ai_ci;

-- --------------------------------------------------------

--
-- Table structure for table `patient`
--

DROP TABLE IF EXISTS `patient`;
CREATE TABLE IF NOT EXISTS `patient` (
  `national_id` varchar(255) NOT NULL,
  `address` varchar(255) DEFAULT NULL,
  `contact_number` varchar(255) DEFAULT NULL,
  `date_of_birth` date DEFAULT NULL,
  `emergency_contact_number` varchar(255) DEFAULT NULL,
  `first_name` varchar(255) DEFAULT NULL,
  `gender` varchar(255) DEFAULT NULL,
  `last_name` varchar(255) DEFAULT NULL,
  `registration_date` datetime(6) DEFAULT NULL,
  PRIMARY KEY (`national_id`)
) ENGINE=InnoDB DEFAULT CHARSET=utf8mb4 COLLATE=utf8mb4_0900_ai_ci;

--
-- Dumping data for table `patient`
--

INSERT INTO `patient` (`national_id`, `address`, `contact_number`, `date_of_birth`, `emergency_contact_number`, `first_name`, `gender`, `last_name`, `registration_date`) VALUES
('197712345678', '78 Market Street, Panadura', '0387890123', '1977-06-28', '0387890124', 'Kumari', 'Female', 'Wijesinghe', '2025-05-28 09:15:00.000000'),
('197809123456', '156 Temple Road, Kelaniya', '0118901234', '1978-09-14', '0118901235', 'Malini', 'Female', 'Jayawardena', '2025-02-18 11:20:00.000000'),
('198001234567', '123 Church Street, Mount Lavinia', '0117890123', '1980-08-25', '0117890124', 'Sandya', 'Female', 'Rathnayake', '2025-04-25 10:00:00.000000'),
('198190123456', '234 Harbor Street, Hambantota', '0472345678', '1981-08-14', '0472345679', 'Gamini', 'Male', 'Wickremesinghe', '2025-10-10 14:00:00.000000'),
('198334567890', '234 Hill Street, Matara', '0412789012', '1983-01-09', '0412789013', 'Ranjani', 'Female', 'Samarasinghe', '2025-06-22 15:20:00.000000'),
('198445678901', '89 Station Road, Puttalam', '0322345678', '1984-10-19', '0322345679', 'Chathura', 'Male', 'Rajapaksha', '2025-11-08 15:45:00.000000'),
('198507891234', '45 Kandy Road, Maharagama', '0112345678', '1985-07-22', '0112345679', 'Nimali', 'Female', 'Fernando', '2025-01-20 14:15:00.000000'),
('198656789012', '123 Valley Road, Kurunegala', '0372345678', '1986-04-23', '0372345679', 'Janaka', 'Male', 'Herath', '2025-08-05 16:15:00.000000'),
('198712345678', '67 Lake Drive, Nugegoda', '0113456789', '1987-12-03', '0113456790', 'Chamani', 'Female', 'Mendis', '2025-03-22 08:30:00.000000'),
('198712345679', '78 Hospital Lane, Kegalle', '0352789012', '1987-09-03', '0352789013', 'Pushpa', 'Female', 'Munasinghe', '2025-12-18 10:30:00.000000'),
('198878901234', '78 Castle Street, Jaffna', '0212345678', '1988-12-07', '0212345679', 'Sunil', 'Male', 'Karunanayake', '2025-09-12 13:45:00.000000'),
('199012345678', '123 Galle Road, Colombo 03', '0771234567', '1990-03-15', '0771234568', 'Kasun', 'Male', 'Wickramasinghe', '2025-01-15 10:30:00.000000'),
('199145678901', '89 Park Avenue, Badulla', '0555678901', '1991-11-18', '0555678902', 'Hasini', 'Female', 'Rodrigo', '2025-07-20 12:30:00.000000'),
('199203456789', '78 Main Street, Negombo', '0314567890', '1992-11-08', '0314567891', 'Roshan', 'Male', 'Silva', '2025-02-05 09:45:00.000000'),
('199356789012', '123 Temple Road, Monaragala', '0552789012', '1993-01-28', '0552789013', 'Dilini', 'Female', 'Seneviratne', '2025-11-20 08:15:00.000000'),
('199434567890', '89 School Lane, Moratuwa', '0112789012', '1994-04-17', '0112789013', 'Pradeep', 'Male', 'Gunasekara', '2025-04-12 13:15:00.000000'),
('199512345678', '156 Fort Road, Trincomalee', '0262789012', '1995-03-26', '0262789013', 'Shyamali', 'Female', 'Liyanage', '2025-09-25 09:30:00.000000'),
('199567890123', '45 Station Road, Kalutara', '0345678901', '1995-10-12', '0345678902', 'Upul', 'Male', 'Dissanayake', '2025-05-15 14:30:00.000000'),
('199678901234', '67 Lighthouse Road, Batticaloa', '0652789012', '1996-05-31', '0652789013', 'Nayomi', 'Female', 'Gunawardena', '2025-10-22 11:15:00.000000'),
('199723456789', '45 Garden Street, Anuradhapura', '0252789012', '1997-07-11', '0252789013', 'Manjula', 'Female', 'Amarasinghe', '2025-08-18 10:20:00.000000'),
('199823456789', '45 School Street, Polonnaruwa', '0272345678', '1998-06-16', '0272345679', 'Mahesh', 'Male', 'Tennakoon', '2025-12-05 12:45:00.000000'),
('199890123456', '156 River Road, Ratnapura', '0452345678', '1998-02-14', '0452345679', 'Thilina', 'Male', 'Bandara', '2025-06-10 11:45:00.000000'),
('200001234567', '67 Beach Road, Galle', '0912345678', '2000-09-05', '0912345679', 'Sachith', 'Male', 'Jayasuriya', '2025-07-08 08:45:00.000000'),
('200156789012', '234 Hospital Road, Gampaha', '0775678901', '2001-05-30', '0775678902', 'Dilshan', 'Male', 'Perera', '2025-03-08 16:45:00.000000'),
('200227804670', '217/1,polgahavalana,tissamaharama', '0701034628', '2003-10-04', '0701034623', 'Ramash', 'Male', 'Dilshan', '2025-09-25 18:58:25.045567');

-- --------------------------------------------------------

--
-- Table structure for table `prescriptions`
--

DROP TABLE IF EXISTS `prescriptions`;
CREATE TABLE IF NOT EXISTS `prescriptions` (
  `id` bigint NOT NULL AUTO_INCREMENT,
  `bed_number` varchar(10) DEFAULT NULL,
  `created_at` datetime(6) DEFAULT NULL,
  `end_date` date DEFAULT NULL,
  `last_modified` datetime(6) DEFAULT NULL,
  `prescribed_by` varchar(100) DEFAULT NULL,
  `prescribed_date` datetime(6) NOT NULL,
  `prescription_id` varchar(20) NOT NULL,
  `prescription_notes` text,
  `start_date` date NOT NULL,
  `status` enum('ACTIVE','COMPLETED','DISCONTINUED','EXPIRED','IN_PROGRESS','PENDING','READY') NOT NULL,
  `total_medications` int NOT NULL,
  `ward_name` varchar(100) DEFAULT NULL,
  `admission_id` bigint NOT NULL,
  `patient_national_id` varchar(255) NOT NULL,
  PRIMARY KEY (`id`),
  UNIQUE KEY `UKq6fr18twglgr4sqy9d9f377tn` (`prescription_id`),
  KEY `idx_prescription_patient` (`patient_national_id`),
  KEY `idx_prescription_admission` (`admission_id`),
  KEY `idx_prescription_status` (`status`),
  KEY `idx_prescription_prescribed_date` (`prescribed_date`)
) ENGINE=InnoDB AUTO_INCREMENT=64 DEFAULT CHARSET=utf8mb4 COLLATE=utf8mb4_0900_ai_ci;

--
-- Dumping data for table `prescriptions`
--

INSERT INTO `prescriptions` (`id`, `bed_number`, `created_at`, `end_date`, `last_modified`, `prescribed_by`, `prescribed_date`, `prescription_id`, `prescription_notes`, `start_date`, `status`, `total_medications`, `ward_name`, `admission_id`, `patient_national_id`) VALUES
(39, 'W2-19', '2025-10-05 18:19:53.754541', NULL, '2025-10-05 18:20:13.014932', 'Ward Doctor', '2025-10-05 18:19:53.714081', 'RX251005001', 'Ward prescription for 1 medication(s) - Patient: Chathura Rajapaksha\\nDispensed on: 2025-10-05T18:20:13.007457200', '2025-10-05', 'COMPLETED', 1, 'Ward 2', 93, '198445678901'),
(40, 'D-15', '2025-10-05 18:21:05.819005', NULL, '2025-10-05 18:21:16.690533', 'Ward Doctor', '2025-10-05 18:21:05.814325', 'RX251005002', 'Ward prescription for 1 medication(s) - Patient: Dilini Seneviratne\\nDispensed on: 2025-10-05T18:21:16.684400800', '2025-10-05', 'COMPLETED', 1, 'Ward 4', 94, '199356789012'),
(41, 'D-15', '2025-10-05 18:22:05.442194', NULL, '2025-10-05 18:22:07.583759', 'Ward Doctor', '2025-10-05 18:22:05.439653', 'RX251005003', 'Ward prescription for 1 medication(s) - Patient: Dilini Seneviratne\\nDispensed on: 2025-10-05T18:22:07.576457600', '2025-10-05', 'COMPLETED', 1, 'Ward 4', 94, '199356789012'),
(42, 'ICU-08', '2025-10-05 18:29:45.875087', NULL, '2025-10-05 18:30:04.451929', 'Ward Doctor', '2025-10-05 18:29:45.857671', 'RX251005004', 'Ward prescription for 1 medication(s) - Patient: Pushpa Munasinghe\\nDispensed on: 2025-10-05T18:30:04.444419700', '2025-10-05', 'COMPLETED', 1, 'Ward 3', 96, '198712345679'),
(43, 'D-04', '2025-10-05 18:30:19.762011', NULL, '2025-10-05 18:30:24.741038', 'Ward Doctor', '2025-10-05 18:30:19.760675', 'RX251005005', 'Ward prescription for 1 medication(s) - Patient: Chamani Mendis\\nDispensed on: 2025-10-05T18:30:24.737620700', '2025-10-05', 'COMPLETED', 1, 'Ward 4', 102, '198712345678'),
(44, 'ICU-08', '2025-10-06 20:47:36.299249', NULL, '2025-10-06 20:47:42.092066', 'Ward Doctor', '2025-10-06 20:47:36.264133', 'RX251006001', 'Ward prescription for 2 medication(s) - Patient: Pushpa Munasinghe\\nDispensed on: 2025-10-06T20:47:42.083893100', '2025-10-06', 'COMPLETED', 2, 'Ward 3', 96, '198712345679'),
(45, 'ICU-15', '2025-10-08 10:33:48.978108', NULL, '2025-10-08 10:34:17.556346', 'Ward Doctor', '2025-10-08 10:33:48.956226', 'RX251008001', 'Ward prescription for 3 medication(s) - Patient: Sandya Rathnayake\\nDispensed on: 2025-10-08T10:34:17.546801200', '2025-10-08', 'COMPLETED', 3, 'Ward 3', 104, '198001234567'),
(46, 'W2-14', '2025-10-08 14:59:25.307031', NULL, '2025-10-14 14:09:54.250191', 'Ward Doctor', '2025-10-08 14:59:25.276983', 'RX251008002', 'Ward prescription for 3 medication(s) - Patient: Dilshan Perera\\nCancelled: Cancelled by pharmacist', '2025-10-08', 'DISCONTINUED', 3, 'Ward 2', 101, '200156789012'),
(47, 'ICU-15', '2025-10-08 15:01:04.410457', NULL, '2025-10-08 15:01:27.983727', 'Ward Doctor', '2025-10-08 15:01:04.407705', 'RX251008003', 'Ward prescription for 1 medication(s) - Patient: Sandya Rathnayake\\nDispensed on: 2025-10-08T15:01:27.973848600', '2025-10-08', 'COMPLETED', 1, 'Ward 3', 104, '198001234567'),
(48, 'ICU-05', '2025-10-14 09:21:42.169628', NULL, '2025-10-14 14:09:36.445057', 'Ward Doctor', '2025-10-14 09:21:42.091931', 'RX251014001', 'Ward prescription for 1 medication(s) - Patient: Malini Jayawardena\\nDispensed on: 2025-10-14T14:09:36.431539900', '2025-10-14', 'COMPLETED', 1, 'Ward 3', 100, '197809123456'),
(49, 'ICU-05', '2025-10-14 10:18:10.386310', NULL, '2025-10-14 10:18:22.054940', 'Ward Doctor', '2025-10-14 10:18:10.376124', 'RX251014002', 'Ward prescription for 1 medication(s) - Patient: Malini Jayawardena\\nDispensed on: 2025-10-14T10:18:22.014886500', '2025-10-14', 'COMPLETED', 1, 'Ward 3', 100, '197809123456'),
(50, 'W2-14', '2025-10-14 10:39:24.931738', NULL, '2025-10-14 10:39:33.425957', 'Ward Doctor', '2025-10-14 10:39:24.919468', 'RX251014003', 'Ward prescription for 1 medication(s) - Patient: Dilshan Perera\\nDispensed on: 2025-10-14T10:39:33.413489100', '2025-10-14', 'COMPLETED', 1, 'Ward 2', 101, '200156789012'),
(51, 'ICU-15', '2025-10-14 11:21:02.744917', NULL, '2025-10-14 14:09:38.960647', 'Ward Doctor', '2025-10-14 11:21:02.678393', 'RX251014004', 'Ward prescription for 1 medication(s) - Patient: Sandya Rathnayake\\nDispensed on: 2025-10-14T14:09:38.958506700', '2025-10-14', 'COMPLETED', 1, 'Ward 3', 104, '198001234567'),
(52, 'W2-14', '2025-10-14 13:51:33.495073', NULL, '2025-10-14 14:09:41.251982', 'Ward Doctor', '2025-10-14 13:51:33.456464', 'RX251014005', 'Ward prescription for 1 medication(s) - Patient: Dilshan Perera\\nDispensed on: 2025-10-14T14:09:41.246974400', '2025-10-14', 'COMPLETED', 1, 'Ward 2', 101, '200156789012'),
(53, '101', '2025-10-14 14:10:18.699421', NULL, '2025-10-14 14:14:02.812529', 'Ward Doctor', '2025-10-14 14:10:18.687186', 'RX251014006', 'Ward prescription for 1 medication(s) - Patient: Kumari Wijesinghe\\nDispensed on: 2025-10-14T14:14:02.806450', '2025-10-14', 'COMPLETED', 1, 'Ward 1', 106, '197712345678'),
(54, 'W2-14', '2025-10-14 14:21:36.757535', NULL, '2025-10-14 14:22:26.014758', 'Ward Doctor', '2025-10-14 14:21:36.752538', 'RX251014007', 'Ward prescription for 1 medication(s) - Patient: Dilshan Perera\\nDispensed on: 2025-10-14T14:22:25.988942800', '2025-10-14', 'COMPLETED', 1, 'Ward 2', 101, '200156789012'),
(55, '101', '2025-10-14 14:22:45.676243', NULL, '2025-10-14 14:22:51.739791', 'Ward Doctor', '2025-10-14 14:22:45.671255', 'RX251014008', 'Ward prescription for 1 medication(s) - Patient: Kumari Wijesinghe\\nCancelled: Cancelled by pharmacist', '2025-10-14', 'DISCONTINUED', 1, 'Ward 1', 106, '197712345678'),
(56, 'ICU-05', '2025-10-14 14:35:37.403397', NULL, '2025-10-14 14:35:42.265690', 'Ward Doctor', '2025-10-14 14:35:37.350811', 'RX251014009', 'Ward prescription for 1 medication(s) - Patient: Malini Jayawardena\\nDispensed on: 2025-10-14T14:35:42.259247', '2025-10-14', 'COMPLETED', 1, 'Ward 3', 100, '197809123456'),
(57, '101', '2025-10-14 14:43:47.898920', NULL, '2025-10-14 14:43:53.038912', 'Ward Doctor', '2025-10-14 14:43:47.890910', 'RX251014010', 'Ward prescription for 1 medication(s) - Patient: Kumari Wijesinghe\\nDispensed on: 2025-10-14T14:43:53.034387800', '2025-10-14', 'COMPLETED', 1, 'Ward 1', 106, '197712345678'),
(58, 'ICU-05', '2025-10-14 14:53:03.584595', NULL, '2025-10-14 14:53:44.778016', 'Ward Doctor', '2025-10-14 14:53:03.578589', 'RX251014011', 'Ward prescription for 1 medication(s) - Patient: Malini Jayawardena\\nDispensed on: 2025-10-14T14:53:44.773896900', '2025-10-14', 'COMPLETED', 1, 'Ward 3', 100, '197809123456'),
(59, '302', '2025-10-14 15:01:39.059399', NULL, '2025-10-14 15:01:50.474455', 'Ward Doctor', '2025-10-14 15:01:39.055587', 'RX251014012', 'Ward prescription for 1 medication(s) - Patient: Nimali Fernando\\nDispensed on: 2025-10-14T15:01:50.471493', '2025-10-14', 'COMPLETED', 1, 'Ward 3', 112, '198507891234'),
(60, 'W2-14', '2025-10-14 15:41:23.551123', NULL, '2025-10-14 15:41:23.551123', 'Ward Doctor', '2025-10-14 15:41:23.546104', 'RX251014013', 'Ward prescription for 1 medication(s) - Patient: Dilshan Perera', '2025-10-14', 'ACTIVE', 1, 'Ward 2', 101, '200156789012'),
(61, '101', '2025-10-14 15:51:48.013541', NULL, '2025-10-14 15:52:02.173366', 'Ward Doctor', '2025-10-14 15:51:48.010575', 'RX251014014', 'Ward prescription for 1 medication(s) - Patient: Kumari Wijesinghe\\nDispensed on: 2025-10-14T15:52:02.169967', '2025-10-14', 'COMPLETED', 1, 'Ward 1', 106, '197712345678'),
(62, 'ICU-15', '2025-10-14 21:04:58.117218', NULL, '2025-10-14 21:05:02.486560', 'Ward Doctor', '2025-10-14 21:04:58.115215', 'RX251014015', 'Ward prescription for 1 medication(s) - Patient: Sandya Rathnayake\\nDispensed on: 2025-10-14T21:05:02.480938800', '2025-10-14', 'COMPLETED', 1, 'Ward 3', 104, '198001234567'),
(63, 'W2-14', '2025-10-16 10:09:44.774168', NULL, '2025-10-16 10:09:44.774168', 'Ward Doctor', '2025-10-16 10:09:44.770147', 'RX251016001', 'Ward prescription for 1 medication(s) - Patient: Dilshan Perera', '2025-10-16', 'ACTIVE', 1, 'Ward 2', 101, '200156789012');

-- --------------------------------------------------------

--
-- Table structure for table `prescription_items`
--

DROP TABLE IF EXISTS `prescription_items`;
CREATE TABLE IF NOT EXISTS `prescription_items` (
  `id` bigint NOT NULL AUTO_INCREMENT,
  `created_at` datetime(6) DEFAULT NULL,
  `dose` varchar(50) NOT NULL,
  `frequency` varchar(100) NOT NULL,
  `instructions` text,
  `is_urgent` bit(1) NOT NULL,
  `item_status` enum('ACTIVE','COMPLETED','DISCONTINUED','EXPIRED','IN_PROGRESS','PENDING','READY') NOT NULL,
  `last_modified` datetime(6) DEFAULT NULL,
  `notes` text,
  `quantity` int NOT NULL,
  `quantity_unit` varchar(50) DEFAULT NULL,
  `route` varchar(50) DEFAULT NULL,
  `medication_id` bigint DEFAULT NULL,
  `prescription_id` bigint NOT NULL,
  PRIMARY KEY (`id`),
  KEY `idx_prescription_item_prescription` (`prescription_id`),
  KEY `idx_prescription_item_medication` (`medication_id`)
) ENGINE=InnoDB AUTO_INCREMENT=97 DEFAULT CHARSET=utf8mb4 COLLATE=utf8mb4_0900_ai_ci;

--
-- Dumping data for table `prescription_items`
--

INSERT INTO `prescription_items` (`id`, `created_at`, `dose`, `frequency`, `instructions`, `is_urgent`, `item_status`, `last_modified`, `notes`, `quantity`, `quantity_unit`, `route`, `medication_id`, `prescription_id`) VALUES
(67, '2025-10-05 18:19:53.889525', '250mg', 'Once daily (OD)', 'Take as directed. Do not exceed recommended dose.', b'0', 'ACTIVE', '2025-10-05 18:19:53.889525', '', 30, 'tablets', 'Oral', 8, 39),
(68, '2025-10-05 18:21:05.826929', '250mg', 'Once daily (OD)', 'Take as directed. Do not exceed recommended dose.', b'0', 'ACTIVE', '2025-10-05 18:21:05.826929', '', 30, 'tablets', 'Oral', 8, 40),
(69, '2025-10-05 18:22:05.453661', '250mg', 'Once daily (OD)', 'Take as directed. Do not exceed recommended dose.', b'0', 'ACTIVE', '2025-10-05 18:22:05.453661', '', 30, 'tablets', 'Oral', 8, 41),
(70, '2025-10-05 18:29:45.929176', '2.5mg', 'Once daily (OD)', 'Take at the same time each day. Monitor blood pressure.', b'0', 'ACTIVE', '2025-10-05 18:29:45.929176', '', 30, 'tablets', 'Oral', 1, 42),
(71, '2025-10-05 18:30:19.775321', '2.5mg', 'Once daily (OD)', 'Take at the same time each day. Monitor blood pressure.', b'0', 'ACTIVE', '2025-10-05 18:30:19.775321', '', 30, 'tablets', 'Oral', 1, 43),
(72, '2025-10-06 20:47:36.412964', '2.5mg', 'Once daily (OD)', 'Take as prescribed by your doctor.', b'0', 'ACTIVE', '2025-10-06 20:47:36.412964', '', 30, 'tablets', 'Oral', 13, 44),
(73, '2025-10-06 20:47:36.425508', '50mg', 'Once daily (OD)', 'Take as prescribed by your doctor.', b'0', 'ACTIVE', '2025-10-06 20:47:36.425508', '', 30, 'capsules', 'Oral', 14, 44),
(74, '2025-10-08 10:33:49.034751', '250mg', 'Once daily (OD)', 'Take as prescribed by your doctor.', b'0', 'ACTIVE', '2025-10-08 10:33:49.034751', '', 30, 'tablets', 'Oral', 5, 45),
(75, '2025-10-08 10:33:49.042460', '10mg', 'Once daily (OD)', 'Take as prescribed by your doctor.', b'0', 'ACTIVE', '2025-10-08 10:33:49.042460', '', 30, 'tablets', 'Oral', 6, 45),
(76, '2025-10-08 10:33:49.047681', '4000IU', 'Once daily (OD)', 'Take as prescribed by your doctor.', b'0', 'ACTIVE', '2025-10-08 10:33:49.047681', '', 5, 'vials', 'Oral', 4, 45),
(77, '2025-10-08 14:59:25.434672', '0.5mg', 'Once daily (OD)', 'Take as prescribed by your doctor.', b'0', 'ACTIVE', '2025-10-08 14:59:25.434672', '', 30, 'capsules', 'Oral', 15, 46),
(78, '2025-10-08 14:59:25.456301', '50mg', 'Once daily (OD)', 'Take as prescribed by your doctor.', b'0', 'ACTIVE', '2025-10-08 14:59:25.456301', '', 30, 'capsules', 'Oral', 14, 46),
(79, '2025-10-08 14:59:25.464383', '2.5mg', 'Once daily (OD)', 'Take as prescribed by your doctor.', b'0', 'ACTIVE', '2025-10-08 14:59:25.464383', '', 30, 'tablets', 'Oral', 13, 46),
(80, '2025-10-08 15:01:04.417137', '37.5mg', 'Once daily (OD)', 'Take as prescribed by your doctor.', b'0', 'ACTIVE', '2025-10-08 15:01:04.417137', '', 30, 'tablets', 'Oral', 12, 47),
(81, '2025-10-14 09:21:42.415714', '50mg', 'Once daily (OD)', 'Take as prescribed by your doctor.', b'0', 'ACTIVE', '2025-10-14 09:21:42.415714', '', 30, 'capsules', 'Oral', 14, 48),
(82, '2025-10-14 10:18:10.441745', '0.5mg', 'Once daily (OD)', 'Take as prescribed by your doctor.', b'0', 'ACTIVE', '2025-10-14 10:18:10.441745', '', 30, 'capsules', 'Oral', 15, 49),
(83, '2025-10-14 10:39:24.993366', '250mg', 'Once daily (OD)', 'Take as directed. Do not exceed recommended dose.', b'0', 'ACTIVE', '2025-10-14 10:39:24.993366', '', 30, 'tablets', 'Oral', 8, 50),
(84, '2025-10-14 11:21:02.903099', '2.5mg', 'Once daily (OD)', 'Take as prescribed by your doctor.', b'0', 'ACTIVE', '2025-10-14 11:21:02.903099', '', 30, 'tablets', 'Oral', 11, 51),
(85, '2025-10-14 13:51:33.654092', '2.5mg', 'Once daily (OD)', 'Take as prescribed by your doctor.', b'0', 'ACTIVE', '2025-10-14 13:51:33.654092', '', 30, 'tablets', 'Oral', 11, 52),
(86, '2025-10-14 14:10:18.764166', '20mg', 'Once daily (OD)', 'Take in the morning. Monitor fluid balance.', b'0', 'ACTIVE', '2025-10-14 14:10:18.764166', '', 30, 'tablets', 'Oral', 2, 53),
(87, '2025-10-14 14:21:36.769697', '250mg', 'Once daily (OD)', 'Take with meals. Monitor blood sugar levels regularly.', b'0', 'ACTIVE', '2025-10-14 14:21:36.769697', '', 30, 'tablets', 'Oral', 10, 54),
(88, '2025-10-14 14:22:45.689161', '250mg', 'Once daily (OD)', 'Take as directed. Do not exceed recommended dose.', b'0', 'ACTIVE', '2025-10-14 14:22:45.689161', '', 30, 'tablets', 'Oral', 8, 55),
(89, '2025-10-14 14:35:37.573868', '2.5mg', 'Once daily (OD)', 'Take as prescribed by your doctor.', b'0', 'ACTIVE', '2025-10-14 14:35:37.573868', '', 30, 'tablets', 'Oral', 11, 56),
(90, '2025-10-14 14:43:47.926189', '10mg', 'Once daily (OD)', 'Take as prescribed by your doctor.', b'0', 'ACTIVE', '2025-10-14 14:43:47.926189', '', 30, 'tablets', 'Oral', 6, 57),
(91, '2025-10-14 14:53:03.633898', '250mg', 'Once daily (OD)', 'Take with meals. Monitor blood sugar levels regularly.', b'0', 'ACTIVE', '2025-10-14 14:53:03.633898', '', 30, 'tablets', 'Oral', 10, 58),
(92, '2025-10-14 15:01:39.065932', '2.5mg', 'Once daily (OD)', 'Take at the same time each day. Monitor blood pressure.', b'0', 'ACTIVE', '2025-10-14 15:01:39.065932', '', 30, 'tablets', 'Oral', 1, 59),
(93, '2025-10-14 15:41:23.566107', '10mg', 'Once daily (OD)', 'Take as prescribed by your doctor.', b'0', 'ACTIVE', '2025-10-14 15:41:23.566107', '', 30, 'tablets', 'Oral', 6, 60),
(94, '2025-10-14 15:51:48.022082', '20mg', 'Once daily (OD)', 'Take in the morning. Monitor fluid balance.', b'0', 'ACTIVE', '2025-10-14 15:51:48.022082', '', 30, 'tablets', 'Oral', 2, 61),
(95, '2025-10-14 21:04:58.132790', '2.5mg', 'Once daily (OD)', 'Take as prescribed by your doctor.', b'0', 'ACTIVE', '2025-10-14 21:04:58.132790', '', 30, 'tablets', 'Oral', 13, 62),
(96, '2025-10-16 10:09:44.818820', '250mg', 'Once daily (OD)', 'Take as prescribed by your doctor.', b'0', 'ACTIVE', '2025-10-16 10:09:44.818820', '', 4, 'tablets', 'Oral', 23, 63);

-- --------------------------------------------------------

--
-- Table structure for table `test_results`
--

DROP TABLE IF EXISTS `test_results`;
CREATE TABLE IF NOT EXISTS `test_results` (
  `id` bigint NOT NULL AUTO_INCREMENT,
  `completed_at` datetime(6) NOT NULL,
  `completed_by` varchar(255) DEFAULT NULL,
  `created_at` datetime(6) DEFAULT NULL,
  `notes` text,
  `patient_name` varchar(255) NOT NULL,
  `patient_national_id` varchar(255) NOT NULL,
  `request_id` varchar(255) NOT NULL,
  `test_name` varchar(255) NOT NULL,
  `updated_at` datetime(6) DEFAULT NULL,
  `ward_name` varchar(255) NOT NULL,
  PRIMARY KEY (`id`)
) ENGINE=InnoDB AUTO_INCREMENT=40 DEFAULT CHARSET=utf8mb4 COLLATE=utf8mb4_0900_ai_ci;

--
-- Dumping data for table `test_results`
--

INSERT INTO `test_results` (`id`, `completed_at`, `completed_by`, `created_at`, `notes`, `patient_name`, `patient_national_id`, `request_id`, `test_name`, `updated_at`, `ward_name`) VALUES
(11, '2025-10-16 09:19:27.858764', 'Lab Staff', '2025-10-16 09:19:27.859724', 'Basic test result entry', 'Dilshan Perera', '200156789012', 'LAB-546892HSI', 'Basic Test', '2025-10-16 09:19:27.859724', 'Ward 2'),
(12, '2025-10-16 03:49:27.790000', 'Lab Staff', '2025-10-16 09:19:27.905427', '', 'Dilshan Perera', '200156789012', 'LAB-546892HSI', 'Complete Blood Count', '2025-10-16 09:19:27.905427', 'Ward 2'),
(13, '2025-10-16 03:49:27.790000', 'Lab Staff', '2025-10-16 09:19:27.937024', '', 'Dilshan Perera', '200156789012', 'LAB-546892HSI', 'Complete Blood Count', '2025-10-16 09:19:27.937024', 'Ward 2'),
(14, '2025-10-16 09:20:34.914486', 'Lab Staff', '2025-10-16 09:20:34.915571', 'Basic test result entry', 'Nimali Fernando', '198507891234', 'LAB-621277R1G', 'Basic Test', '2025-10-16 09:20:34.915571', 'Ward 3'),
(15, '2025-10-16 03:50:34.851000', 'Lab Staff', '2025-10-16 09:20:34.955516', 'rrr', 'Nimali Fernando', '198507891234', 'LAB-621277R1G', 'Blood Glucose', '2025-10-16 09:20:34.955516', 'Ward 3'),
(16, '2025-10-16 03:50:34.851000', 'Lab Staff', '2025-10-16 09:20:34.986592', 'rrr', 'Nimali Fernando', '198507891234', 'LAB-621277R1G', 'Blood Glucose', '2025-10-16 09:20:34.986592', 'Ward 3'),
(17, '2025-10-16 09:21:17.176931', 'Lab Staff', '2025-10-16 09:21:17.177930', 'Basic test result entry', 'Kumari Wijesinghe', '197712345678', 'LAB-654948JW4', 'Basic Test', '2025-10-16 09:21:17.177930', 'Ward 2'),
(18, '2025-10-16 03:51:17.108000', 'Lab Staff', '2025-10-16 09:21:17.213250', 'ccc', 'Kumari Wijesinghe', '197712345678', 'LAB-654948JW4', 'Urine Analysis', '2025-10-16 09:21:17.213250', 'Ward 2'),
(19, '2025-10-16 03:51:17.108000', 'Lab Staff', '2025-10-16 09:21:17.242095', 'ccc', 'Kumari Wijesinghe', '197712345678', 'LAB-654948JW4', 'Urine Analysis', '2025-10-16 09:21:17.242095', 'Ward 2'),
(20, '2025-10-16 09:22:02.616627', 'Lab Staff', '2025-10-16 09:22:02.617637', 'Basic test result entry', 'Kumari Wijesinghe', '197712345678', 'LAB-704525VQY', 'Basic Test', '2025-10-16 09:22:02.617637', 'Ward 2'),
(21, '2025-10-16 03:52:02.556000', 'Lab Staff', '2025-10-16 09:22:02.652241', 'bbb', 'Kumari Wijesinghe', '197712345678', 'LAB-704525VQY', 'Cholesterol Level', '2025-10-16 09:22:02.652241', 'Ward 2'),
(22, '2025-10-16 03:52:02.556000', 'Lab Staff', '2025-10-16 09:22:02.681142', 'bbb', 'Kumari Wijesinghe', '197712345678', 'LAB-704525VQY', 'Cholesterol Level', '2025-10-16 09:22:02.681142', 'Ward 2'),
(23, '2025-10-16 03:59:34.899000', 'Lab Staff', '2025-10-16 09:29:34.941229', 'ff', 'Nimali Fernando', '198507891234', 'LAB-1121072GO', 'Complete Blood Count', '2025-10-16 09:29:34.941229', 'Ward 3'),
(24, '2025-10-16 03:59:49.411000', 'Lab Staff', '2025-10-16 09:29:49.437049', 'wedrfgh', 'Nimali Fernando', '198507891234', 'LAB-124268I48', 'Blood Glucose', '2025-10-16 09:29:49.437049', 'Ward 3'),
(25, '2025-10-16 04:09:25.490000', 'Lab Staff', '2025-10-16 09:39:25.537383', 'fbgt', 'Kumari Wijesinghe', '197712345678', 'LAB-747719QC6', 'Cholesterol Level', '2025-10-16 09:39:25.537383', 'Ward 2'),
(26, '2025-10-16 04:21:41.506000', 'Lab Staff', '2025-10-16 09:51:41.595786', 'drvgv', 'Nimali Fernando', '198507891234', 'LAB-731937KXQ', 'Complete Blood Count', '2025-10-16 09:51:41.595786', 'Ward 3'),
(27, '2025-10-16 04:26:21.887000', 'Lab Staff', '2025-10-16 09:56:21.973372', 'dcvgfb', 'Dilshan Perera', '200156789012', 'LAB-756362JAA', 'Cholesterol Level', '2025-10-16 09:56:21.973372', 'Ward 2'),
(28, '2025-10-16 04:28:59.400000', 'Lab Staff', '2025-10-16 09:58:59.430112', '', 'Kumari Wijesinghe', '197712345678', 'LAB-922068VTR', 'Blood Glucose', '2025-10-16 09:58:59.430112', 'Ward 2'),
(29, '2025-10-16 10:44:21.114243', 'Lab Staff', '2025-10-16 10:44:21.125695', 'Basic test result entry', 'Dilshan Perera', '200156789012', 'LAB-756362JAA', 'Basic Test', '2025-10-16 10:44:21.126695', 'Ward 2'),
(30, '2025-10-16 05:14:20.906000', 'Lab Staff', '2025-10-16 10:44:21.309206', '', 'Dilshan Perera', '200156789012', 'LAB-756362JAA', 'Cholesterol Level', '2025-10-16 10:44:21.309206', 'Ward 2'),
(31, '2025-10-16 05:14:20.906000', 'Lab Staff', '2025-10-16 10:44:21.384215', '', 'Dilshan Perera', '200156789012', 'LAB-756362JAA', 'Cholesterol Level', '2025-10-16 10:44:21.384215', 'Ward 2'),
(32, '2025-10-16 10:45:04.895068', 'Lab Staff', '2025-10-16 10:45:04.896031', 'Basic test result entry', 'Kumari Wijesinghe', '197712345678', 'LAB-922068VTR', 'Basic Test', '2025-10-16 10:45:04.896031', 'Ward 2'),
(33, '2025-10-16 05:15:04.822000', 'Lab Staff', '2025-10-16 10:45:04.940230', 'fvgtnhgrgvb', 'Kumari Wijesinghe', '197712345678', 'LAB-922068VTR', 'Cholesterol Level', '2025-10-16 10:45:04.940230', 'Ward 2'),
(34, '2025-10-16 05:15:04.822000', 'Lab Staff', '2025-10-16 10:45:04.950242', 'fvgtnhgrgvb', 'Kumari Wijesinghe', '197712345678', 'LAB-922068VTR', 'Blood Glucose', '2025-10-16 10:45:04.950242', 'Ward 2'),
(35, '2025-10-16 05:15:04.822000', 'Lab Staff', '2025-10-16 10:45:05.025725', 'fvgtnhgrgvb', 'Kumari Wijesinghe', '197712345678', 'LAB-922068VTR', 'Cholesterol Level', '2025-10-16 10:45:05.025725', 'Ward 2'),
(36, '2025-10-16 05:15:04.822000', 'Lab Staff', '2025-10-16 10:45:05.032735', 'fvgtnhgrgvb', 'Kumari Wijesinghe', '197712345678', 'LAB-922068VTR', 'Blood Glucose', '2025-10-16 10:45:05.032735', 'Ward 2'),
(37, '2025-10-16 10:53:20.942270', 'Lab Staff', '2025-10-16 10:53:20.944270', 'Basic test result entry', 'Dilshan Perera', '200156789012', 'LAB-756362JAA', 'Basic Test', '2025-10-16 10:53:20.944270', 'Ward 2'),
(38, '2025-10-16 05:23:20.854000', 'Lab Staff', '2025-10-16 10:53:20.991747', '', 'Dilshan Perera', '200156789012', 'LAB-756362JAA', 'Cholesterol Level', '2025-10-16 10:53:20.991747', 'Ward 2'),
(39, '2025-10-16 05:23:20.854000', 'Lab Staff', '2025-10-16 10:53:21.029418', '', 'Dilshan Perera', '200156789012', 'LAB-756362JAA', 'Cholesterol Level', '2025-10-16 10:53:21.029418', 'Ward 2');

-- --------------------------------------------------------

--
-- Table structure for table `transfer`
--

DROP TABLE IF EXISTS `transfer`;
CREATE TABLE IF NOT EXISTS `transfer` (
  `transfer_id` bigint NOT NULL AUTO_INCREMENT,
  `from_bed_number` varchar(255) NOT NULL,
  `to_bed_number` varchar(255) NOT NULL,
  `transfer_date` datetime(6) DEFAULT NULL,
  `transfer_reason` varchar(255) NOT NULL,
  `from_ward_id` bigint NOT NULL,
  `new_admission_id` bigint NOT NULL,
  `old_admission_id` bigint NOT NULL,
  `patient_national_id` varchar(255) NOT NULL,
  `to_ward_id` bigint NOT NULL,
  PRIMARY KEY (`transfer_id`),
  KEY `FKapgrkr0rtg2fv65nx353wp0x9` (`from_ward_id`),
  KEY `FK5kps2ckyarsek8bylq0yc2n0i` (`new_admission_id`),
  KEY `FK1bwnh7atgck9fwu4n09o3n4ue` (`old_admission_id`),
  KEY `FKsgkjhssyyg6kl22rnmwoa5sky` (`patient_national_id`),
  KEY `FKh3lktj75x9samloxw76a2oiy1` (`to_ward_id`)
) ENGINE=InnoDB AUTO_INCREMENT=22 DEFAULT CHARSET=utf8mb4 COLLATE=utf8mb4_0900_ai_ci;

--
-- Dumping data for table `transfer`
--

INSERT INTO `transfer` (`transfer_id`, `from_bed_number`, `to_bed_number`, `transfer_date`, `transfer_reason`, `from_ward_id`, `new_admission_id`, `old_admission_id`, `patient_national_id`, `to_ward_id`) VALUES
(15, 'W2-03', 'BD001', '2025-10-06 21:34:49.511212', 'dilshan', 2, 111, 97, '199012345678', 4),
(16, '001', '001', '2025-10-15 09:05:52.029156', 'dilshan', 1, 114, 105, '200227804670', 4),
(17, '101', '001', '2025-10-15 12:13:24.587324', 'dilshan', 1, 115, 106, '197712345678', 2),
(18, 'ICU-05', '002', '2025-10-15 12:14:39.408846', 'dilshan', 3, 116, 100, '197809123456', 2),
(19, '002', '002', '2025-10-15 12:14:55.839103', 'dilshan', 2, 117, 116, '197809123456', 3),
(20, '002', '004', '2025-10-15 12:15:09.034280', 'dvfvefc', 3, 118, 117, '197809123456', 1),
(21, '004', '001', '2025-10-15 12:15:25.839485', 'sdcdev', 1, 119, 118, '197809123456', 3);

-- --------------------------------------------------------

--
-- Table structure for table `urine_analysis_results`
--

DROP TABLE IF EXISTS `urine_analysis_results`;
CREATE TABLE IF NOT EXISTS `urine_analysis_results` (
  `id` bigint NOT NULL AUTO_INCREMENT,
  `ph` double DEFAULT NULL,
  `protein` varchar(255) DEFAULT NULL,
  `specific_gravity` double DEFAULT NULL,
  `urine_glucose` varchar(255) DEFAULT NULL,
  `test_result_id` bigint NOT NULL,
  PRIMARY KEY (`id`),
  UNIQUE KEY `UKhr0l99ckyrkxyi98aunojjuq2` (`test_result_id`)
) ENGINE=InnoDB AUTO_INCREMENT=3 DEFAULT CHARSET=utf8mb4 COLLATE=utf8mb4_0900_ai_ci;

-- --------------------------------------------------------

--
-- Table structure for table `user`
--

DROP TABLE IF EXISTS `user`;
CREATE TABLE IF NOT EXISTS `user` (
  `emp_id` varchar(255) NOT NULL,
  `password` varchar(255) DEFAULT NULL,
  `role` enum('ADMIN','CLINIC_DOCTOR','CLINIC_NURSE','DIALYSIS_DOCTOR','DIALYSIS_NURSE','LAB_TECH','PHARMACIST','WARD_DOCTOR','WARD_NURSE') DEFAULT NULL,
  `username` varchar(255) DEFAULT NULL,
  PRIMARY KEY (`emp_id`)
) ENGINE=InnoDB DEFAULT CHARSET=utf8mb4 COLLATE=utf8mb4_0900_ai_ci;

--
-- Dumping data for table `user`
--

INSERT INTO `user` (`emp_id`, `password`, `role`, `username`) VALUES
('ADMIN001', '$2a$10$LvNAsl9U.1Jx8tSmg5HaKOk/Xdo1c3QP/0L/uI/qSeNB6BwU8Ruv2', 'ADMIN', 'defaultadmin'),
('EMP010', '$2a$10$OHOAXV3x.kI1VXoZzxg1Zue54BEgmmzMB7xK5BAK9mN..M1wDCotG', 'WARD_NURSE', 'Dilshan'),
('EMP03', '$2a$10$XT62IqREU37TqEpd9Ebpqu6aLI44xIBAur6aaq5YeQiT8TfUPjVC.', 'WARD_NURSE', 'Dilshan'),
('EMP04', '$2a$10$3FSvezOYsMmJoqQHQhyn1OFnr7B1flgCot/kXrdd0OCH6ExPWIyKm', 'CLINIC_NURSE', 'Dilshan'),
('EMP05', '$2a$10$sTcZboa.ilyi1IgiStXnYeQgc7263IbEmM.04jUWY2vzMlx7f2C6C', 'DIALYSIS_NURSE', 'Dilshan'),
('EMP06', '$2a$10$SF/jL370ChxVSJgWd6JRQO/EHybMLuEx0V5a0FCqIpB0OLOcGObp6', 'LAB_TECH', 'Dilshan'),
('EMP07', '$2a$10$POplEmUA58MivccoiJ3NAOzrG7oyfltCT1AJj/4wlH8A9Xys/jUXO', 'PHARMACIST', 'Dilshan');

-- --------------------------------------------------------

--
-- Table structure for table `ward`
--

DROP TABLE IF EXISTS `ward`;
CREATE TABLE IF NOT EXISTS `ward` (
  `ward_id` bigint NOT NULL AUTO_INCREMENT,
  `ward_name` varchar(255) DEFAULT NULL,
  `ward_type` varchar(255) DEFAULT NULL,
  PRIMARY KEY (`ward_id`)
) ENGINE=InnoDB AUTO_INCREMENT=5 DEFAULT CHARSET=utf8mb4 COLLATE=utf8mb4_0900_ai_ci;

--
-- Dumping data for table `ward`
--

INSERT INTO `ward` (`ward_id`, `ward_name`, `ward_type`) VALUES
(1, 'Ward 1', 'General'),
(2, 'Ward 2', 'General'),
(3, 'Ward 3', 'ICU'),
(4, 'Ward 4', 'Dialysis');

--
-- Constraints for dumped tables
--

--
-- Constraints for table `admission`
--
ALTER TABLE `admission`
  ADD CONSTRAINT `FKdt8h42b75xg0tcp0vxhcqw0et` FOREIGN KEY (`ward_id`) REFERENCES `ward` (`ward_id`),
  ADD CONSTRAINT `FKr12g9pk6454qdwhf0t8rnn7ny` FOREIGN KEY (`patient_national_id`) REFERENCES `patient` (`national_id`);

--
-- Constraints for table `appointments`
--
ALTER TABLE `appointments`
  ADD CONSTRAINT `FKaxj8qgxok9gdbgwq631qcyvy8` FOREIGN KEY (`doctor_employee_id`) REFERENCES `doctors` (`employee_id`),
  ADD CONSTRAINT `FKexg70s78ut1j5g3wg3m6bqyfc` FOREIGN KEY (`patient_national_id`) REFERENCES `patient` (`national_id`);

--
-- Constraints for table `blood_glucose_results`
--
ALTER TABLE `blood_glucose_results`
  ADD CONSTRAINT `FK674pwcc23pp2h98x9gwsho954` FOREIGN KEY (`test_result_id`) REFERENCES `test_results` (`id`);

--
-- Constraints for table `cholesterol_level_results`
--
ALTER TABLE `cholesterol_level_results`
  ADD CONSTRAINT `FK8l1hgh48jv6p3ef76evhuvt7c` FOREIGN KEY (`test_result_id`) REFERENCES `test_results` (`id`);

--
-- Constraints for table `clinic_prescriptions`
--
ALTER TABLE `clinic_prescriptions`
  ADD CONSTRAINT `FK4a5geb33235hfptc0chekaw0m` FOREIGN KEY (`patient_national_id`) REFERENCES `patient` (`national_id`);

--
-- Constraints for table `clinic_prescription_items`
--
ALTER TABLE `clinic_prescription_items`
  ADD CONSTRAINT `FKbcs1ho8w9iswpiwhy6m161jq` FOREIGN KEY (`medication_id`) REFERENCES `medications` (`id`),
  ADD CONSTRAINT `FKlq64a82j8hvrg5272l1ax3vc2` FOREIGN KEY (`clinic_prescription_id`) REFERENCES `clinic_prescriptions` (`id`);

--
-- Constraints for table `complete_blood_count_results`
--
ALTER TABLE `complete_blood_count_results`
  ADD CONSTRAINT `FK24ges7osjnbwekya9lvky1jf0` FOREIGN KEY (`test_result_id`) REFERENCES `test_results` (`id`);

--
-- Constraints for table `lab_results`
--
ALTER TABLE `lab_results`
  ADD CONSTRAINT `FKe60ngnp0gdnsjf50i3glst95f` FOREIGN KEY (`lab_test_id`) REFERENCES `lab_tests` (`id`);

--
-- Constraints for table `lab_tests`
--
ALTER TABLE `lab_tests`
  ADD CONSTRAINT `FKffho87efax1n9ufusjbiaytfr` FOREIGN KEY (`lab_request_id`) REFERENCES `lab_requests` (`id`);

--
-- Constraints for table `medicine_dispense_items`
--
ALTER TABLE `medicine_dispense_items`
  ADD CONSTRAINT `FKg6ynft2wcyu9kghf392jsih10` FOREIGN KEY (`medication_id`) REFERENCES `medications` (`id`),
  ADD CONSTRAINT `FKkkeup35ra6n6a2i7x6u58ogtf` FOREIGN KEY (`dispense_request_id`) REFERENCES `medicine_dispense_requests` (`id`);

--
-- Constraints for table `medicine_dispense_requests`
--
ALTER TABLE `medicine_dispense_requests`
  ADD CONSTRAINT `FKnynwxrn448ajau79dnwt66egw` FOREIGN KEY (`prescription_id`) REFERENCES `prescriptions` (`id`);

--
-- Constraints for table `prescriptions`
--
ALTER TABLE `prescriptions`
  ADD CONSTRAINT `FK1u718vwt9myuxkbpouphnx2jf` FOREIGN KEY (`admission_id`) REFERENCES `admission` (`admission_id`),
  ADD CONSTRAINT `FKhxlev8lw9843qs3dxueg5w8h8` FOREIGN KEY (`patient_national_id`) REFERENCES `patient` (`national_id`);

--
-- Constraints for table `prescription_items`
--
ALTER TABLE `prescription_items`
  ADD CONSTRAINT `FK6uh7tdy2lv6sx34u1365acqsf` FOREIGN KEY (`prescription_id`) REFERENCES `prescriptions` (`id`),
  ADD CONSTRAINT `FKedqiiymwh98fpomx841xjuuq7` FOREIGN KEY (`medication_id`) REFERENCES `medications` (`id`);

--
-- Constraints for table `transfer`
--
ALTER TABLE `transfer`
  ADD CONSTRAINT `FK1bwnh7atgck9fwu4n09o3n4ue` FOREIGN KEY (`old_admission_id`) REFERENCES `admission` (`admission_id`),
  ADD CONSTRAINT `FK5kps2ckyarsek8bylq0yc2n0i` FOREIGN KEY (`new_admission_id`) REFERENCES `admission` (`admission_id`),
  ADD CONSTRAINT `FKapgrkr0rtg2fv65nx353wp0x9` FOREIGN KEY (`from_ward_id`) REFERENCES `ward` (`ward_id`),
  ADD CONSTRAINT `FKh3lktj75x9samloxw76a2oiy1` FOREIGN KEY (`to_ward_id`) REFERENCES `ward` (`ward_id`),
  ADD CONSTRAINT `FKsgkjhssyyg6kl22rnmwoa5sky` FOREIGN KEY (`patient_national_id`) REFERENCES `patient` (`national_id`);

--
-- Constraints for table `urine_analysis_results`
--
ALTER TABLE `urine_analysis_results`
  ADD CONSTRAINT `FKtny8b7qnqxbeolme6at2vwwbm` FOREIGN KEY (`test_result_id`) REFERENCES `test_results` (`id`);
COMMIT;

/*!40101 SET CHARACTER_SET_CLIENT=@OLD_CHARACTER_SET_CLIENT */;
/*!40101 SET CHARACTER_SET_RESULTS=@OLD_CHARACTER_SET_RESULTS */;
/*!40101 SET COLLATION_CONNECTION=@OLD_COLLATION_CONNECTION */;
